original,processed,psnr,ssim,mse,diff_vis,status,diff_path
062_bird-4051412_640_256.png,062_bird-4051412_640_256.png,inf,1.0,0.0,"[[[  0   0   0]
  [  0   0   0]
  [  0   0   0]
  ...
  [128   0   0]
  [128   0   0]
  [128   0   0]]

 [[  0   0   0]
  [  0   0   0]
  [  0   0   0]
  ...
  [128   0   0]
  [128   0   0]
  [128   0   0]]

 [[  0   0   0]
  [  0   0   0]
  [  0   0   0]
  ...
  [128   0   0]
  [128   0   0]
  [128   0   0]]

 ...

 [[  0   0   0]
  [  0   0   0]
  [  0   0   0]
  ...
  [128   0   0]
  [128   0   0]
  [128   0   0]]

 [[  0   0   0]
  [  0   0   0]
  [  0   0   0]
  ...
  [128   0   0]
  [128   0   0]
  [128   0   0]]

 [[  0   0   0]
  [  0   0   0]
  [  0   0   0]
  ...
  [128   0   0]
  [128   0   0]
  [128   0   0]]]",success,output/raster_comparison_results_256x256\diffs\062_bird-4051412_640_256_diff.jpg
139_rooster-1867562_1280_256.png,139_rooster-1867562_1280_256.png,inf,1.0,0.0,"[[[  0   0   0]
  [  0   0   0]
  [  0   0   0]
  ...
  [128   0   0]
  [128   0   0]
  [128   0   0]]

 [[  0   0   0]
  [  0   0   0]
  [  0   0   0]
  ...
  [128   0   0]
  [128   0   0]
  [128   0   0]]

 [[  0   0   0]
  [  0   0   0]
  [  0   0   0]
  ...
  [128   0   0]
  [128   0   0]
  [128   0   0]]

 ...

 [[  0   0   0]
  [  0   0   0]
  [  0   0   0]
  ...
  [128   0   0]
  [128   0   0]
  [128   0   0]]

 [[  0   0   0]
  [  0   0   0]
  [  0   0   0]
  ...
  [128   0   0]
  [128   0   0]
  [128   0   0]]

 [[  0   0   0]
  [  0   0   0]
  [  0   0   0]
  ...
  [128   0   0]
  [128   0   0]
  [128   0   0]]]",success,output/raster_comparison_results_256x256\diffs\139_rooster-1867562_1280_256_diff.jpg
038_flowers-1835619_640_256.png,038_flowers-1835619_640_256.png,inf,1.0,0.0,"[[[  0   0   0]
  [  0   0   0]
  [  0   0   0]
  ...
  [128   0   0]
  [128   0   0]
  [128   0   0]]

 [[  0   0   0]
  [  0   0   0]
  [  0   0   0]
  ...
  [128   0   0]
  [128   0   0]
  [128   0   0]]

 [[  0   0   0]
  [  0   0   0]
  [  0   0   0]
  ...
  [128   0   0]
  [128   0   0]
  [128   0   0]]

 ...

 [[  0   0   0]
  [  0   0   0]
  [  0   0   0]
  ...
  [128   0   0]
  [128   0   0]
  [128   0   0]]

 [[  0   0   0]
  [  0   0   0]
  [  0   0   0]
  ...
  [128   0   0]
  [128   0   0]
  [128   0   0]]

 [[  0   0   0]
  [  0   0   0]
  [  0   0   0]
  ...
  [128   0   0]
  [128   0   0]
  [128   0   0]]]",success,output/raster_comparison_results_256x256\diffs\038_flowers-1835619_640_256_diff.jpg
126_kingfisher-2046453_1280_256.png,126_kingfisher-2046453_1280_256.png,inf,1.0,0.0,"[[[  0   0   0]
  [  0   0   0]
  [  0   0   0]
  ...
  [128   0   0]
  [128   0   0]
  [128   0   0]]

 [[  0   0   0]
  [  0   0   0]
  [  0   0   0]
  ...
  [128   0   0]
  [128   0   0]
  [128   0   0]]

 [[  0   0   0]
  [  0   0   0]
  [  0   0   0]
  ...
  [128   0   0]
  [128   0   0]
  [128   0   0]]

 ...

 [[  0   0   0]
  [  0   0   0]
  [  0   0   0]
  ...
  [128   0   0]
  [128   0   0]
  [128   0   0]]

 [[  0   0   0]
  [  0   0   0]
  [  0   0   0]
  ...
  [128   0   0]
  [128   0   0]
  [128   0   0]]

 [[  0   0   0]
  [  0   0   0]
  [  0   0   0]
  ...
  [128   0   0]
  [128   0   0]
  [128   0   0]]]",success,output/raster_comparison_results_256x256\diffs\126_kingfisher-2046453_1280_256_diff.jpg
092_peafowl-2363750_640_256.png,092_peafowl-2363750_640_256.png,inf,1.0,0.0,"[[[  0   0   0]
  [  0   0   0]
  [  0   0   0]
  ...
  [128   0   0]
  [128   0   0]
  [128   0   0]]

 [[  0   0   0]
  [  0   0   0]
  [  0   0   0]
  ...
  [128   0   0]
  [128   0   0]
  [128   0   0]]

 [[  0   0   0]
  [  0   0   0]
  [  0   0   0]
  ...
  [128   0   0]
  [128   0   0]
  [128   0   0]]

 ...

 [[  0   0   0]
  [  0   0   0]
  [  0   0   0]
  ...
  [128   0   0]
  [128   0   0]
  [128   0   0]]

 [[  0   0   0]
  [  0   0   0]
  [  0   0   0]
  ...
  [128   0   0]
  [128   0   0]
  [128   0   0]]

 [[  0   0   0]
  [  0   0   0]
  [  0   0   0]
  ...
  [128   0   0]
  [128   0   0]
  [128   0   0]]]",success,output/raster_comparison_results_256x256\diffs\092_peafowl-2363750_640_256_diff.jpg
053_seagull-3465550_640_256.png,053_seagull-3465550_640_256.png,inf,1.0,0.0,"[[[  0   0   0]
  [  0   0   0]
  [  0   0   0]
  ...
  [128   0   0]
  [128   0   0]
  [128   0   0]]

 [[  0   0   0]
  [  0   0   0]
  [  0   0   0]
  ...
  [128   0   0]
  [128   0   0]
  [128   0   0]]

 [[  0   0   0]
  [  0   0   0]
  [  0   0   0]
  ...
  [128   0   0]
  [128   0   0]
  [128   0   0]]

 ...

 [[  0   0   0]
  [  0   0   0]
  [  0   0   0]
  ...
  [128   0   0]
  [128   0   0]
  [128   0   0]]

 [[  0   0   0]
  [  0   0   0]
  [  0   0   0]
  ...
  [128   0   0]
  [128   0   0]
  [128   0   0]]

 [[  0   0   0]
  [  0   0   0]
  [  0   0   0]
  ...
  [128   0   0]
  [128   0   0]
  [128   0   0]]]",success,output/raster_comparison_results_256x256\diffs\053_seagull-3465550_640_256_diff.jpg
013_swan-2077219_640_256.png,013_swan-2077219_640_256.png,inf,1.0,0.0,"[[[  0   0   0]
  [  0   0   0]
  [  0   0   0]
  ...
  [128   0   0]
  [128   0   0]
  [128   0   0]]

 [[  0   0   0]
  [  0   0   0]
  [  0   0   0]
  ...
  [128   0   0]
  [128   0   0]
  [128   0   0]]

 [[  0   0   0]
  [  0   0   0]
  [  0   0   0]
  ...
  [128   0   0]
  [128   0   0]
  [128   0   0]]

 ...

 [[  0   0   0]
  [  0   0   0]
  [  0   0   0]
  ...
  [128   0   0]
  [128   0   0]
  [128   0   0]]

 [[  0   0   0]
  [  0   0   0]
  [  0   0   0]
  ...
  [128   0   0]
  [128   0   0]
  [128   0   0]]

 [[  0   0   0]
  [  0   0   0]
  [  0   0   0]
  ...
  [128   0   0]
  [128   0   0]
  [128   0   0]]]",success,output/raster_comparison_results_256x256\diffs\013_swan-2077219_640_256_diff.jpg
131_hummingbird-5255827_1280_256.png,131_hummingbird-5255827_1280_256.png,inf,1.0,0.0,"[[[  0   0   0]
  [  0   0   0]
  [  0   0   0]
  ...
  [128   0   0]
  [128   0   0]
  [128   0   0]]

 [[  0   0   0]
  [  0   0   0]
  [  0   0   0]
  ...
  [128   0   0]
  [128   0   0]
  [128   0   0]]

 [[  0   0   0]
  [  0   0   0]
  [  0   0   0]
  ...
  [128   0   0]
  [128   0   0]
  [128   0   0]]

 ...

 [[  0   0   0]
  [  0   0   0]
  [  0   0   0]
  ...
  [128   0   0]
  [128   0   0]
  [128   0   0]]

 [[  0   0   0]
  [  0   0   0]
  [  0   0   0]
  ...
  [128   0   0]
  [128   0   0]
  [128   0   0]]

 [[  0   0   0]
  [  0   0   0]
  [  0   0   0]
  ...
  [128   0   0]
  [128   0   0]
  [128   0   0]]]",success,output/raster_comparison_results_256x256\diffs\131_hummingbird-5255827_1280_256_diff.jpg
156_bald-eagle-2715461_1280_256.png,156_bald-eagle-2715461_1280_256.png,inf,1.0,0.0,"[[[  0   0   0]
  [  0   0   0]
  [  0   0   0]
  ...
  [128   0   0]
  [128   0   0]
  [128   0   0]]

 [[  0   0   0]
  [  0   0   0]
  [  0   0   0]
  ...
  [128   0   0]
  [128   0   0]
  [128   0   0]]

 [[  0   0   0]
  [  0   0   0]
  [  0   0   0]
  ...
  [128   0   0]
  [128   0   0]
  [128   0   0]]

 ...

 [[  0   0   0]
  [  0   0   0]
  [  0   0   0]
  ...
  [128   0   0]
  [128   0   0]
  [128   0   0]]

 [[  0   0   0]
  [  0   0   0]
  [  0   0   0]
  ...
  [128   0   0]
  [128   0   0]
  [128   0   0]]

 [[  0   0   0]
  [  0   0   0]
  [  0   0   0]
  ...
  [128   0   0]
  [128   0   0]
  [128   0   0]]]",success,output/raster_comparison_results_256x256\diffs\156_bald-eagle-2715461_1280_256_diff.jpg
041_owl-3184032_640_256.png,041_owl-3184032_640_256.png,inf,1.0,0.0,"[[[  0   0   0]
  [  0   0   0]
  [  0   0   0]
  ...
  [128   0   0]
  [128   0   0]
  [128   0   0]]

 [[  0   0   0]
  [  0   0   0]
  [  0   0   0]
  ...
  [128   0   0]
  [128   0   0]
  [128   0   0]]

 [[  0   0   0]
  [  0   0   0]
  [  0   0   0]
  ...
  [128   0   0]
  [128   0   0]
  [128   0   0]]

 ...

 [[  0   0   0]
  [  0   0   0]
  [  0   0   0]
  ...
  [128   0   0]
  [128   0   0]
  [128   0   0]]

 [[  0   0   0]
  [  0   0   0]
  [  0   0   0]
  ...
  [128   0   0]
  [128   0   0]
  [128   0   0]]

 [[  0   0   0]
  [  0   0   0]
  [  0   0   0]
  ...
  [128   0   0]
  [128   0   0]
  [128   0   0]]]",success,output/raster_comparison_results_256x256\diffs\041_owl-3184032_640_256_diff.jpg
111_beach-832346_1280_256.png,111_beach-832346_1280_256.png,inf,1.0,0.0,"[[[  0   0   0]
  [  0   0   0]
  [  0   0   0]
  ...
  [128   0   0]
  [128   0   0]
  [128   0   0]]

 [[  0   0   0]
  [  0   0   0]
  [  0   0   0]
  ...
  [128   0   0]
  [128   0   0]
  [128   0   0]]

 [[  0   0   0]
  [  0   0   0]
  [  0   0   0]
  ...
  [128   0   0]
  [128   0   0]
  [128   0   0]]

 ...

 [[  0   0   0]
  [  0   0   0]
  [  0   0   0]
  ...
  [128   0   0]
  [128   0   0]
  [128   0   0]]

 [[  0   0   0]
  [  0   0   0]
  [  0   0   0]
  ...
  [128   0   0]
  [128   0   0]
  [128   0   0]]

 [[  0   0   0]
  [  0   0   0]
  [  0   0   0]
  ...
  [128   0   0]
  [128   0   0]
  [128   0   0]]]",success,output/raster_comparison_results_256x256\diffs\111_beach-832346_1280_256_diff.jpg
127_bird-341898_1280_256.png,127_bird-341898_1280_256.png,inf,1.0,0.0,"[[[  0   0   0]
  [  0   0   0]
  [  0   0   0]
  ...
  [128   0   0]
  [128   0   0]
  [128   0   0]]

 [[  0   0   0]
  [  0   0   0]
  [  0   0   0]
  ...
  [128   0   0]
  [128   0   0]
  [128   0   0]]

 [[  0   0   0]
  [  0   0   0]
  [  0   0   0]
  ...
  [128   0   0]
  [128   0   0]
  [128   0   0]]

 ...

 [[  0   0   0]
  [  0   0   0]
  [  0   0   0]
  ...
  [128   0   0]
  [128   0   0]
  [128   0   0]]

 [[  0   0   0]
  [  0   0   0]
  [  0   0   0]
  ...
  [128   0   0]
  [128   0   0]
  [128   0   0]]

 [[  0   0   0]
  [  0   0   0]
  [  0   0   0]
  ...
  [128   0   0]
  [128   0   0]
  [128   0   0]]]",success,output/raster_comparison_results_256x256\diffs\127_bird-341898_1280_256_diff.jpg
089_robin-8446944_640_256.png,089_robin-8446944_640_256.png,inf,1.0,0.0,"[[[  0   0   0]
  [  0   0   0]
  [  0   0   0]
  ...
  [128   0   0]
  [128   0   0]
  [128   0   0]]

 [[  0   0   0]
  [  0   0   0]
  [  0   0   0]
  ...
  [128   0   0]
  [128   0   0]
  [128   0   0]]

 [[  0   0   0]
  [  0   0   0]
  [  0   0   0]
  ...
  [128   0   0]
  [128   0   0]
  [128   0   0]]

 ...

 [[  0   0   0]
  [  0   0   0]
  [  0   0   0]
  ...
  [128   0   0]
  [128   0   0]
  [128   0   0]]

 [[  0   0   0]
  [  0   0   0]
  [  0   0   0]
  ...
  [128   0   0]
  [128   0   0]
  [128   0   0]]

 [[  0   0   0]
  [  0   0   0]
  [  0   0   0]
  ...
  [128   0   0]
  [128   0   0]
  [128   0   0]]]",success,output/raster_comparison_results_256x256\diffs\089_robin-8446944_640_256_diff.jpg
071_rooster-1867562_640_256.png,071_rooster-1867562_640_256.png,inf,1.0,0.0,"[[[  0   0   0]
  [  0   0   0]
  [  0   0   0]
  ...
  [128   0   0]
  [128   0   0]
  [128   0   0]]

 [[  0   0   0]
  [  0   0   0]
  [  0   0   0]
  ...
  [128   0   0]
  [128   0   0]
  [128   0   0]]

 [[  0   0   0]
  [  0   0   0]
  [  0   0   0]
  ...
  [128   0   0]
  [128   0   0]
  [128   0   0]]

 ...

 [[  0   0   0]
  [  0   0   0]
  [  0   0   0]
  ...
  [128   0   0]
  [128   0   0]
  [128   0   0]]

 [[  0   0   0]
  [  0   0   0]
  [  0   0   0]
  ...
  [128   0   0]
  [128   0   0]
  [128   0   0]]

 [[  0   0   0]
  [  0   0   0]
  [  0   0   0]
  ...
  [128   0   0]
  [128   0   0]
  [128   0   0]]]",success,output/raster_comparison_results_256x256\diffs\071_rooster-1867562_640_256_diff.jpg
014_bird-9950_640_256.png,014_bird-9950_640_256.png,inf,1.0,0.0,"[[[  0   0   0]
  [  0   0   0]
  [  0   0   0]
  ...
  [128   0   0]
  [128   0   0]
  [128   0   0]]

 [[  0   0   0]
  [  0   0   0]
  [  0   0   0]
  ...
  [128   0   0]
  [128   0   0]
  [128   0   0]]

 [[  0   0   0]
  [  0   0   0]
  [  0   0   0]
  ...
  [128   0   0]
  [128   0   0]
  [128   0   0]]

 ...

 [[  0   0   0]
  [  0   0   0]
  [  0   0   0]
  ...
  [128   0   0]
  [128   0   0]
  [128   0   0]]

 [[  0   0   0]
  [  0   0   0]
  [  0   0   0]
  ...
  [128   0   0]
  [128   0   0]
  [128   0   0]]

 [[  0   0   0]
  [  0   0   0]
  [  0   0   0]
  ...
  [128   0   0]
  [128   0   0]
  [128   0   0]]]",success,output/raster_comparison_results_256x256\diffs\014_bird-9950_640_256_diff.jpg
055_gull-192909_640_256.png,055_gull-192909_640_256.png,inf,1.0,0.0,"[[[  0   0   0]
  [  0   0   0]
  [  0   0   0]
  ...
  [128   0   0]
  [128   0   0]
  [128   0   0]]

 [[  0   0   0]
  [  0   0   0]
  [  0   0   0]
  ...
  [128   0   0]
  [128   0   0]
  [128   0   0]]

 [[  0   0   0]
  [  0   0   0]
  [  0   0   0]
  ...
  [128   0   0]
  [128   0   0]
  [128   0   0]]

 ...

 [[  0   0   0]
  [  0   0   0]
  [  0   0   0]
  ...
  [128   0   0]
  [128   0   0]
  [128   0   0]]

 [[  0   0   0]
  [  0   0   0]
  [  0   0   0]
  ...
  [128   0   0]
  [128   0   0]
  [128   0   0]]

 [[  0   0   0]
  [  0   0   0]
  [  0   0   0]
  ...
  [128   0   0]
  [128   0   0]
  [128   0   0]]]",success,output/raster_comparison_results_256x256\diffs\055_gull-192909_640_256_diff.jpg
124_hummingbird-1823829_1280_256.png,124_hummingbird-1823829_1280_256.png,inf,1.0,0.0,"[[[  0   0   0]
  [  0   0   0]
  [  0   0   0]
  ...
  [128   0   0]
  [128   0   0]
  [128   0   0]]

 [[  0   0   0]
  [  0   0   0]
  [  0   0   0]
  ...
  [128   0   0]
  [128   0   0]
  [128   0   0]]

 [[  0   0   0]
  [  0   0   0]
  [  0   0   0]
  ...
  [128   0   0]
  [128   0   0]
  [128   0   0]]

 ...

 [[  0   0   0]
  [  0   0   0]
  [  0   0   0]
  ...
  [128   0   0]
  [128   0   0]
  [128   0   0]]

 [[  0   0   0]
  [  0   0   0]
  [  0   0   0]
  ...
  [128   0   0]
  [128   0   0]
  [128   0   0]]

 [[  0   0   0]
  [  0   0   0]
  [  0   0   0]
  ...
  [128   0   0]
  [128   0   0]
  [128   0   0]]]",success,output/raster_comparison_results_256x256\diffs\124_hummingbird-1823829_1280_256_diff.jpg
066_bird-2823767_640_256.png,066_bird-2823767_640_256.png,inf,1.0,0.0,"[[[  0   0   0]
  [  0   0   0]
  [  0   0   0]
  ...
  [128   0   0]
  [128   0   0]
  [128   0   0]]

 [[  0   0   0]
  [  0   0   0]
  [  0   0   0]
  ...
  [128   0   0]
  [128   0   0]
  [128   0   0]]

 [[  0   0   0]
  [  0   0   0]
  [  0   0   0]
  ...
  [128   0   0]
  [128   0   0]
  [128   0   0]]

 ...

 [[  0   0   0]
  [  0   0   0]
  [  0   0   0]
  ...
  [128   0   0]
  [128   0   0]
  [128   0   0]]

 [[  0   0   0]
  [  0   0   0]
  [  0   0   0]
  ...
  [128   0   0]
  [128   0   0]
  [128   0   0]]

 [[  0   0   0]
  [  0   0   0]
  [  0   0   0]
  ...
  [128   0   0]
  [128   0   0]
  [128   0   0]]]",success,output/raster_comparison_results_256x256\diffs\066_bird-2823767_640_256_diff.jpg
181_peacock-feathers-3013486_1280_256.png,181_peacock-feathers-3013486_1280_256.png,inf,1.0,0.0,"[[[  0   0   0]
  [  0   0   0]
  [  0   0   0]
  ...
  [128   0   0]
  [128   0   0]
  [128   0   0]]

 [[  0   0   0]
  [  0   0   0]
  [  0   0   0]
  ...
  [128   0   0]
  [128   0   0]
  [128   0   0]]

 [[  0   0   0]
  [  0   0   0]
  [  0   0   0]
  ...
  [128   0   0]
  [128   0   0]
  [128   0   0]]

 ...

 [[  0   0   0]
  [  0   0   0]
  [  0   0   0]
  ...
  [128   0   0]
  [128   0   0]
  [128   0   0]]

 [[  0   0   0]
  [  0   0   0]
  [  0   0   0]
  ...
  [128   0   0]
  [128   0   0]
  [128   0   0]]

 [[  0   0   0]
  [  0   0   0]
  [  0   0   0]
  ...
  [128   0   0]
  [128   0   0]
  [128   0   0]]]",success,output/raster_comparison_results_256x256\diffs\181_peacock-feathers-3013486_1280_256_diff.jpg
058_eagle-1072696_640_256.png,058_eagle-1072696_640_256.png,inf,1.0,0.0,"[[[  0   0   0]
  [  0   0   0]
  [  0   0   0]
  ...
  [128   0   0]
  [128   0   0]
  [128   0   0]]

 [[  0   0   0]
  [  0   0   0]
  [  0   0   0]
  ...
  [128   0   0]
  [128   0   0]
  [128   0   0]]

 [[  0   0   0]
  [  0   0   0]
  [  0   0   0]
  ...
  [128   0   0]
  [128   0   0]
  [128   0   0]]

 ...

 [[  0   0   0]
  [  0   0   0]
  [  0   0   0]
  ...
  [128   0   0]
  [128   0   0]
  [128   0   0]]

 [[  0   0   0]
  [  0   0   0]
  [  0   0   0]
  ...
  [128   0   0]
  [128   0   0]
  [128   0   0]]

 [[  0   0   0]
  [  0   0   0]
  [  0   0   0]
  ...
  [128   0   0]
  [128   0   0]
  [128   0   0]]]",success,output/raster_comparison_results_256x256\diffs\058_eagle-1072696_640_256_diff.jpg
173_swan-4013225_1280_256.png,173_swan-4013225_1280_256.png,inf,1.0,0.0,"[[[  0   0   0]
  [  0   0   0]
  [  0   0   0]
  ...
  [128   0   0]
  [128   0   0]
  [128   0   0]]

 [[  0   0   0]
  [  0   0   0]
  [  0   0   0]
  ...
  [128   0   0]
  [128   0   0]
  [128   0   0]]

 [[  0   0   0]
  [  0   0   0]
  [  0   0   0]
  ...
  [128   0   0]
  [128   0   0]
  [128   0   0]]

 ...

 [[  0   0   0]
  [  0   0   0]
  [  0   0   0]
  ...
  [128   0   0]
  [128   0   0]
  [128   0   0]]

 [[  0   0   0]
  [  0   0   0]
  [  0   0   0]
  ...
  [128   0   0]
  [128   0   0]
  [128   0   0]]

 [[  0   0   0]
  [  0   0   0]
  [  0   0   0]
  ...
  [128   0   0]
  [128   0   0]
  [128   0   0]]]",success,output/raster_comparison_results_256x256\diffs\173_swan-4013225_1280_256_diff.jpg
179_owl-3184032_1280_256.png,179_owl-3184032_1280_256.png,inf,1.0,0.0,"[[[  0   0   0]
  [  0   0   0]
  [  0   0   0]
  ...
  [128   0   0]
  [128   0   0]
  [128   0   0]]

 [[  0   0   0]
  [  0   0   0]
  [  0   0   0]
  ...
  [128   0   0]
  [128   0   0]
  [128   0   0]]

 [[  0   0   0]
  [  0   0   0]
  [  0   0   0]
  ...
  [128   0   0]
  [128   0   0]
  [128   0   0]]

 ...

 [[  0   0   0]
  [  0   0   0]
  [  0   0   0]
  ...
  [128   0   0]
  [128   0   0]
  [128   0   0]]

 [[  0   0   0]
  [  0   0   0]
  [  0   0   0]
  ...
  [128   0   0]
  [128   0   0]
  [128   0   0]]

 [[  0   0   0]
  [  0   0   0]
  [  0   0   0]
  ...
  [128   0   0]
  [128   0   0]
  [128   0   0]]]",success,output/raster_comparison_results_256x256\diffs\179_owl-3184032_1280_256_diff.jpg
043_peafowl-816981_640_256.png,043_peafowl-816981_640_256.png,inf,1.0,0.0,"[[[  0   0   0]
  [  0   0   0]
  [  0   0   0]
  ...
  [128   0   0]
  [128   0   0]
  [128   0   0]]

 [[  0   0   0]
  [  0   0   0]
  [  0   0   0]
  ...
  [128   0   0]
  [128   0   0]
  [128   0   0]]

 [[  0   0   0]
  [  0   0   0]
  [  0   0   0]
  ...
  [128   0   0]
  [128   0   0]
  [128   0   0]]

 ...

 [[  0   0   0]
  [  0   0   0]
  [  0   0   0]
  ...
  [128   0   0]
  [128   0   0]
  [128   0   0]]

 [[  0   0   0]
  [  0   0   0]
  [  0   0   0]
  ...
  [128   0   0]
  [128   0   0]
  [128   0   0]]

 [[  0   0   0]
  [  0   0   0]
  [  0   0   0]
  ...
  [128   0   0]
  [128   0   0]
  [128   0   0]]]",success,output/raster_comparison_results_256x256\diffs\043_peafowl-816981_640_256_diff.jpg
091_birds-4551002_640_256.png,091_birds-4551002_640_256.png,inf,1.0,0.0,"[[[  0   0   0]
  [  0   0   0]
  [  0   0   0]
  ...
  [128   0   0]
  [128   0   0]
  [128   0   0]]

 [[  0   0   0]
  [  0   0   0]
  [  0   0   0]
  ...
  [128   0   0]
  [128   0   0]
  [128   0   0]]

 [[  0   0   0]
  [  0   0   0]
  [  0   0   0]
  ...
  [128   0   0]
  [128   0   0]
  [128   0   0]]

 ...

 [[  0   0   0]
  [  0   0   0]
  [  0   0   0]
  ...
  [128   0   0]
  [128   0   0]
  [128   0   0]]

 [[  0   0   0]
  [  0   0   0]
  [  0   0   0]
  ...
  [128   0   0]
  [128   0   0]
  [128   0   0]]

 [[  0   0   0]
  [  0   0   0]
  [  0   0   0]
  ...
  [128   0   0]
  [128   0   0]
  [128   0   0]]]",success,output/raster_comparison_results_256x256\diffs\091_birds-4551002_640_256_diff.jpg
018_jay-548381_640_256.png,018_jay-548381_640_256.png,inf,1.0,0.0,"[[[  0   0   0]
  [  0   0   0]
  [  0   0   0]
  ...
  [128   0   0]
  [128   0   0]
  [128   0   0]]

 [[  0   0   0]
  [  0   0   0]
  [  0   0   0]
  ...
  [128   0   0]
  [128   0   0]
  [128   0   0]]

 [[  0   0   0]
  [  0   0   0]
  [  0   0   0]
  ...
  [128   0   0]
  [128   0   0]
  [128   0   0]]

 ...

 [[  0   0   0]
  [  0   0   0]
  [  0   0   0]
  ...
  [128   0   0]
  [128   0   0]
  [128   0   0]]

 [[  0   0   0]
  [  0   0   0]
  [  0   0   0]
  ...
  [128   0   0]
  [128   0   0]
  [128   0   0]]

 [[  0   0   0]
  [  0   0   0]
  [  0   0   0]
  ...
  [128   0   0]
  [128   0   0]
  [128   0   0]]]",success,output/raster_comparison_results_256x256\diffs\018_jay-548381_640_256_diff.jpg
046_cardinal-1884283_640_256.png,046_cardinal-1884283_640_256.png,inf,1.0,0.0,"[[[  0   0   0]
  [  0   0   0]
  [  0   0   0]
  ...
  [128   0   0]
  [128   0   0]
  [128   0   0]]

 [[  0   0   0]
  [  0   0   0]
  [  0   0   0]
  ...
  [128   0   0]
  [128   0   0]
  [128   0   0]]

 [[  0   0   0]
  [  0   0   0]
  [  0   0   0]
  ...
  [128   0   0]
  [128   0   0]
  [128   0   0]]

 ...

 [[  0   0   0]
  [  0   0   0]
  [  0   0   0]
  ...
  [128   0   0]
  [128   0   0]
  [128   0   0]]

 [[  0   0   0]
  [  0   0   0]
  [  0   0   0]
  ...
  [128   0   0]
  [128   0   0]
  [128   0   0]]

 [[  0   0   0]
  [  0   0   0]
  [  0   0   0]
  ...
  [128   0   0]
  [128   0   0]
  [128   0   0]]]",success,output/raster_comparison_results_256x256\diffs\046_cardinal-1884283_640_256_diff.jpg
146_owl-1834152_1280_256.png,146_owl-1834152_1280_256.png,inf,1.0,0.0,"[[[  0   0   0]
  [  0   0   0]
  [  0   0   0]
  ...
  [128   0   0]
  [128   0   0]
  [128   0   0]]

 [[  0   0   0]
  [  0   0   0]
  [  0   0   0]
  ...
  [128   0   0]
  [128   0   0]
  [128   0   0]]

 [[  0   0   0]
  [  0   0   0]
  [  0   0   0]
  ...
  [128   0   0]
  [128   0   0]
  [128   0   0]]

 ...

 [[  0   0   0]
  [  0   0   0]
  [  0   0   0]
  ...
  [128   0   0]
  [128   0   0]
  [128   0   0]]

 [[  0   0   0]
  [  0   0   0]
  [  0   0   0]
  ...
  [128   0   0]
  [128   0   0]
  [128   0   0]]

 [[  0   0   0]
  [  0   0   0]
  [  0   0   0]
  ...
  [128   0   0]
  [128   0   0]
  [128   0   0]]]",success,output/raster_comparison_results_256x256\diffs\146_owl-1834152_1280_256_diff.jpg
030_kingfisher-2363879_640_256.png,030_kingfisher-2363879_640_256.png,inf,1.0,0.0,"[[[  0   0   0]
  [  0   0   0]
  [  0   0   0]
  ...
  [128   0   0]
  [128   0   0]
  [128   0   0]]

 [[  0   0   0]
  [  0   0   0]
  [  0   0   0]
  ...
  [128   0   0]
  [128   0   0]
  [128   0   0]]

 [[  0   0   0]
  [  0   0   0]
  [  0   0   0]
  ...
  [128   0   0]
  [128   0   0]
  [128   0   0]]

 ...

 [[  0   0   0]
  [  0   0   0]
  [  0   0   0]
  ...
  [128   0   0]
  [128   0   0]
  [128   0   0]]

 [[  0   0   0]
  [  0   0   0]
  [  0   0   0]
  ...
  [128   0   0]
  [128   0   0]
  [128   0   0]]

 [[  0   0   0]
  [  0   0   0]
  [  0   0   0]
  ...
  [128   0   0]
  [128   0   0]
  [128   0   0]]]",success,output/raster_comparison_results_256x256\diffs\030_kingfisher-2363879_640_256_diff.jpg
128_white-tailed-eagle-2015098_1280_256.png,128_white-tailed-eagle-2015098_1280_256.png,inf,1.0,0.0,"[[[  0   0   0]
  [  0   0   0]
  [  0   0   0]
  ...
  [128   0   0]
  [128   0   0]
  [128   0   0]]

 [[  0   0   0]
  [  0   0   0]
  [  0   0   0]
  ...
  [128   0   0]
  [128   0   0]
  [128   0   0]]

 [[  0   0   0]
  [  0   0   0]
  [  0   0   0]
  ...
  [128   0   0]
  [128   0   0]
  [128   0   0]]

 ...

 [[  0   0   0]
  [  0   0   0]
  [  0   0   0]
  ...
  [128   0   0]
  [128   0   0]
  [128   0   0]]

 [[  0   0   0]
  [  0   0   0]
  [  0   0   0]
  ...
  [128   0   0]
  [128   0   0]
  [128   0   0]]

 [[  0   0   0]
  [  0   0   0]
  [  0   0   0]
  ...
  [128   0   0]
  [128   0   0]
  [128   0   0]]]",success,output/raster_comparison_results_256x256\diffs\128_white-tailed-eagle-2015098_1280_256_diff.jpg
017_hummingbird-2139279_640_256.png,017_hummingbird-2139279_640_256.png,inf,1.0,0.0,"[[[  0   0   0]
  [  0   0   0]
  [  0   0   0]
  ...
  [128   0   0]
  [128   0   0]
  [128   0   0]]

 [[  0   0   0]
  [  0   0   0]
  [  0   0   0]
  ...
  [128   0   0]
  [128   0   0]
  [128   0   0]]

 [[  0   0   0]
  [  0   0   0]
  [  0   0   0]
  ...
  [128   0   0]
  [128   0   0]
  [128   0   0]]

 ...

 [[  0   0   0]
  [  0   0   0]
  [  0   0   0]
  ...
  [128   0   0]
  [128   0   0]
  [128   0   0]]

 [[  0   0   0]
  [  0   0   0]
  [  0   0   0]
  ...
  [128   0   0]
  [128   0   0]
  [128   0   0]]

 [[  0   0   0]
  [  0   0   0]
  [  0   0   0]
  ...
  [128   0   0]
  [128   0   0]
  [128   0   0]]]",success,output/raster_comparison_results_256x256\diffs\017_hummingbird-2139279_640_256_diff.jpg
157_peafowl-2363750_1280_256.png,157_peafowl-2363750_1280_256.png,inf,1.0,0.0,"[[[  0   0   0]
  [  0   0   0]
  [  0   0   0]
  ...
  [128   0   0]
  [128   0   0]
  [128   0   0]]

 [[  0   0   0]
  [  0   0   0]
  [  0   0   0]
  ...
  [128   0   0]
  [128   0   0]
  [128   0   0]]

 [[  0   0   0]
  [  0   0   0]
  [  0   0   0]
  ...
  [128   0   0]
  [128   0   0]
  [128   0   0]]

 ...

 [[  0   0   0]
  [  0   0   0]
  [  0   0   0]
  ...
  [128   0   0]
  [128   0   0]
  [128   0   0]]

 [[  0   0   0]
  [  0   0   0]
  [  0   0   0]
  ...
  [128   0   0]
  [128   0   0]
  [128   0   0]]

 [[  0   0   0]
  [  0   0   0]
  [  0   0   0]
  ...
  [128   0   0]
  [128   0   0]
  [128   0   0]]]",success,output/raster_comparison_results_256x256\diffs\157_peafowl-2363750_1280_256_diff.jpg
063_peacock-3617474_640_256.png,063_peacock-3617474_640_256.png,inf,1.0,0.0,"[[[  0   0   0]
  [  0   0   0]
  [  0   0   0]
  ...
  [128   0   0]
  [128   0   0]
  [128   0   0]]

 [[  0   0   0]
  [  0   0   0]
  [  0   0   0]
  ...
  [128   0   0]
  [128   0   0]
  [128   0   0]]

 [[  0   0   0]
  [  0   0   0]
  [  0   0   0]
  ...
  [128   0   0]
  [128   0   0]
  [128   0   0]]

 ...

 [[  0   0   0]
  [  0   0   0]
  [  0   0   0]
  ...
  [128   0   0]
  [128   0   0]
  [128   0   0]]

 [[  0   0   0]
  [  0   0   0]
  [  0   0   0]
  ...
  [128   0   0]
  [128   0   0]
  [128   0   0]]

 [[  0   0   0]
  [  0   0   0]
  [  0   0   0]
  ...
  [128   0   0]
  [128   0   0]
  [128   0   0]]]",success,output/raster_comparison_results_256x256\diffs\063_peacock-3617474_640_256_diff.jpg
107_barn-owl-2988291_1280_256.png,107_barn-owl-2988291_1280_256.png,inf,1.0,0.0,"[[[  0   0   0]
  [  0   0   0]
  [  0   0   0]
  ...
  [128   0   0]
  [128   0   0]
  [128   0   0]]

 [[  0   0   0]
  [  0   0   0]
  [  0   0   0]
  ...
  [128   0   0]
  [128   0   0]
  [128   0   0]]

 [[  0   0   0]
  [  0   0   0]
  [  0   0   0]
  ...
  [128   0   0]
  [128   0   0]
  [128   0   0]]

 ...

 [[  0   0   0]
  [  0   0   0]
  [  0   0   0]
  ...
  [128   0   0]
  [128   0   0]
  [128   0   0]]

 [[  0   0   0]
  [  0   0   0]
  [  0   0   0]
  ...
  [128   0   0]
  [128   0   0]
  [128   0   0]]

 [[  0   0   0]
  [  0   0   0]
  [  0   0   0]
  ...
  [128   0   0]
  [128   0   0]
  [128   0   0]]]",success,output/raster_comparison_results_256x256\diffs\107_barn-owl-2988291_1280_256_diff.jpg
180_owl-1845060_1280_256.png,180_owl-1845060_1280_256.png,inf,1.0,0.0,"[[[  0   0   0]
  [  0   0   0]
  [  0   0   0]
  ...
  [128   0   0]
  [128   0   0]
  [128   0   0]]

 [[  0   0   0]
  [  0   0   0]
  [  0   0   0]
  ...
  [128   0   0]
  [128   0   0]
  [128   0   0]]

 [[  0   0   0]
  [  0   0   0]
  [  0   0   0]
  ...
  [128   0   0]
  [128   0   0]
  [128   0   0]]

 ...

 [[  0   0   0]
  [  0   0   0]
  [  0   0   0]
  ...
  [128   0   0]
  [128   0   0]
  [128   0   0]]

 [[  0   0   0]
  [  0   0   0]
  [  0   0   0]
  ...
  [128   0   0]
  [128   0   0]
  [128   0   0]]

 [[  0   0   0]
  [  0   0   0]
  [  0   0   0]
  ...
  [128   0   0]
  [128   0   0]
  [128   0   0]]]",success,output/raster_comparison_results_256x256\diffs\180_owl-1845060_1280_256_diff.jpg
007_bird-2295436_640_256.png,007_bird-2295436_640_256.png,inf,1.0,0.0,"[[[  0   0   0]
  [  0   0   0]
  [  0   0   0]
  ...
  [128   0   0]
  [128   0   0]
  [128   0   0]]

 [[  0   0   0]
  [  0   0   0]
  [  0   0   0]
  ...
  [128   0   0]
  [128   0   0]
  [128   0   0]]

 [[  0   0   0]
  [  0   0   0]
  [  0   0   0]
  ...
  [128   0   0]
  [128   0   0]
  [128   0   0]]

 ...

 [[  0   0   0]
  [  0   0   0]
  [  0   0   0]
  ...
  [128   0   0]
  [128   0   0]
  [128   0   0]]

 [[  0   0   0]
  [  0   0   0]
  [  0   0   0]
  ...
  [128   0   0]
  [128   0   0]
  [128   0   0]]

 [[  0   0   0]
  [  0   0   0]
  [  0   0   0]
  ...
  [128   0   0]
  [128   0   0]
  [128   0   0]]]",success,output/raster_comparison_results_256x256\diffs\007_bird-2295436_640_256_diff.jpg
152_kingfisher-3159334_1280_256.png,152_kingfisher-3159334_1280_256.png,inf,1.0,0.0,"[[[  0   0   0]
  [  0   0   0]
  [  0   0   0]
  ...
  [128   0   0]
  [128   0   0]
  [128   0   0]]

 [[  0   0   0]
  [  0   0   0]
  [  0   0   0]
  ...
  [128   0   0]
  [128   0   0]
  [128   0   0]]

 [[  0   0   0]
  [  0   0   0]
  [  0   0   0]
  ...
  [128   0   0]
  [128   0   0]
  [128   0   0]]

 ...

 [[  0   0   0]
  [  0   0   0]
  [  0   0   0]
  ...
  [128   0   0]
  [128   0   0]
  [128   0   0]]

 [[  0   0   0]
  [  0   0   0]
  [  0   0   0]
  ...
  [128   0   0]
  [128   0   0]
  [128   0   0]]

 [[  0   0   0]
  [  0   0   0]
  [  0   0   0]
  ...
  [128   0   0]
  [128   0   0]
  [128   0   0]]]",success,output/raster_comparison_results_256x256\diffs\152_kingfisher-3159334_1280_256_diff.jpg
004_kingfisher-2046453_640_256.png,004_kingfisher-2046453_640_256.png,inf,1.0,0.0,"[[[  0   0   0]
  [  0   0   0]
  [  0   0   0]
  ...
  [128   0   0]
  [128   0   0]
  [128   0   0]]

 [[  0   0   0]
  [  0   0   0]
  [  0   0   0]
  ...
  [128   0   0]
  [128   0   0]
  [128   0   0]]

 [[  0   0   0]
  [  0   0   0]
  [  0   0   0]
  ...
  [128   0   0]
  [128   0   0]
  [128   0   0]]

 ...

 [[  0   0   0]
  [  0   0   0]
  [  0   0   0]
  ...
  [128   0   0]
  [128   0   0]
  [128   0   0]]

 [[  0   0   0]
  [  0   0   0]
  [  0   0   0]
  ...
  [128   0   0]
  [128   0   0]
  [128   0   0]]

 [[  0   0   0]
  [  0   0   0]
  [  0   0   0]
  ...
  [128   0   0]
  [128   0   0]
  [128   0   0]]]",success,output/raster_comparison_results_256x256\diffs\004_kingfisher-2046453_640_256_diff.jpg
132_chaffinch-1420407_1280_256.png,132_chaffinch-1420407_1280_256.png,inf,1.0,0.0,"[[[  0   0   0]
  [  0   0   0]
  [  0   0   0]
  ...
  [128   0   0]
  [128   0   0]
  [128   0   0]]

 [[  0   0   0]
  [  0   0   0]
  [  0   0   0]
  ...
  [128   0   0]
  [128   0   0]
  [128   0   0]]

 [[  0   0   0]
  [  0   0   0]
  [  0   0   0]
  ...
  [128   0   0]
  [128   0   0]
  [128   0   0]]

 ...

 [[  0   0   0]
  [  0   0   0]
  [  0   0   0]
  ...
  [128   0   0]
  [128   0   0]
  [128   0   0]]

 [[  0   0   0]
  [  0   0   0]
  [  0   0   0]
  ...
  [128   0   0]
  [128   0   0]
  [128   0   0]]

 [[  0   0   0]
  [  0   0   0]
  [  0   0   0]
  ...
  [128   0   0]
  [128   0   0]
  [128   0   0]]]",success,output/raster_comparison_results_256x256\diffs\132_chaffinch-1420407_1280_256_diff.jpg
170_flowers-1835619_1280_256.png,170_flowers-1835619_1280_256.png,inf,1.0,0.0,"[[[  0   0   0]
  [  0   0   0]
  [  0   0   0]
  ...
  [128   0   0]
  [128   0   0]
  [128   0   0]]

 [[  0   0   0]
  [  0   0   0]
  [  0   0   0]
  ...
  [128   0   0]
  [128   0   0]
  [128   0   0]]

 [[  0   0   0]
  [  0   0   0]
  [  0   0   0]
  ...
  [128   0   0]
  [128   0   0]
  [128   0   0]]

 ...

 [[  0   0   0]
  [  0   0   0]
  [  0   0   0]
  ...
  [128   0   0]
  [128   0   0]
  [128   0   0]]

 [[  0   0   0]
  [  0   0   0]
  [  0   0   0]
  ...
  [128   0   0]
  [128   0   0]
  [128   0   0]]

 [[  0   0   0]
  [  0   0   0]
  [  0   0   0]
  ...
  [128   0   0]
  [128   0   0]
  [128   0   0]]]",success,output/raster_comparison_results_256x256\diffs\170_flowers-1835619_1280_256_diff.jpg
059_bird-3743094_640_256.png,059_bird-3743094_640_256.png,inf,1.0,0.0,"[[[  0   0   0]
  [  0   0   0]
  [  0   0   0]
  ...
  [128   0   0]
  [128   0   0]
  [128   0   0]]

 [[  0   0   0]
  [  0   0   0]
  [  0   0   0]
  ...
  [128   0   0]
  [128   0   0]
  [128   0   0]]

 [[  0   0   0]
  [  0   0   0]
  [  0   0   0]
  ...
  [128   0   0]
  [128   0   0]
  [128   0   0]]

 ...

 [[  0   0   0]
  [  0   0   0]
  [  0   0   0]
  ...
  [128   0   0]
  [128   0   0]
  [128   0   0]]

 [[  0   0   0]
  [  0   0   0]
  [  0   0   0]
  ...
  [128   0   0]
  [128   0   0]
  [128   0   0]]

 [[  0   0   0]
  [  0   0   0]
  [  0   0   0]
  ...
  [128   0   0]
  [128   0   0]
  [128   0   0]]]",success,output/raster_comparison_results_256x256\diffs\059_bird-3743094_640_256_diff.jpg
141_swan-2077219_1280_256.png,141_swan-2077219_1280_256.png,inf,1.0,0.0,"[[[  0   0   0]
  [  0   0   0]
  [  0   0   0]
  ...
  [128   0   0]
  [128   0   0]
  [128   0   0]]

 [[  0   0   0]
  [  0   0   0]
  [  0   0   0]
  ...
  [128   0   0]
  [128   0   0]
  [128   0   0]]

 [[  0   0   0]
  [  0   0   0]
  [  0   0   0]
  ...
  [128   0   0]
  [128   0   0]
  [128   0   0]]

 ...

 [[  0   0   0]
  [  0   0   0]
  [  0   0   0]
  ...
  [128   0   0]
  [128   0   0]
  [128   0   0]]

 [[  0   0   0]
  [  0   0   0]
  [  0   0   0]
  ...
  [128   0   0]
  [128   0   0]
  [128   0   0]]

 [[  0   0   0]
  [  0   0   0]
  [  0   0   0]
  ...
  [128   0   0]
  [128   0   0]
  [128   0   0]]]",success,output/raster_comparison_results_256x256\diffs\141_swan-2077219_1280_256_diff.jpg
144_bird-1045954_1280_256.png,144_bird-1045954_1280_256.png,inf,1.0,0.0,"[[[  0   0   0]
  [  0   0   0]
  [  0   0   0]
  ...
  [128   0   0]
  [128   0   0]
  [128   0   0]]

 [[  0   0   0]
  [  0   0   0]
  [  0   0   0]
  ...
  [128   0   0]
  [128   0   0]
  [128   0   0]]

 [[  0   0   0]
  [  0   0   0]
  [  0   0   0]
  ...
  [128   0   0]
  [128   0   0]
  [128   0   0]]

 ...

 [[  0   0   0]
  [  0   0   0]
  [  0   0   0]
  ...
  [128   0   0]
  [128   0   0]
  [128   0   0]]

 [[  0   0   0]
  [  0   0   0]
  [  0   0   0]
  ...
  [128   0   0]
  [128   0   0]
  [128   0   0]]

 [[  0   0   0]
  [  0   0   0]
  [  0   0   0]
  ...
  [128   0   0]
  [128   0   0]
  [128   0   0]]]",success,output/raster_comparison_results_256x256\diffs\144_bird-1045954_1280_256_diff.jpg
090_bird-3183441_640_256.png,090_bird-3183441_640_256.png,inf,1.0,0.0,"[[[  0   0   0]
  [  0   0   0]
  [  0   0   0]
  ...
  [128   0   0]
  [128   0   0]
  [128   0   0]]

 [[  0   0   0]
  [  0   0   0]
  [  0   0   0]
  ...
  [128   0   0]
  [128   0   0]
  [128   0   0]]

 [[  0   0   0]
  [  0   0   0]
  [  0   0   0]
  ...
  [128   0   0]
  [128   0   0]
  [128   0   0]]

 ...

 [[  0   0   0]
  [  0   0   0]
  [  0   0   0]
  ...
  [128   0   0]
  [128   0   0]
  [128   0   0]]

 [[  0   0   0]
  [  0   0   0]
  [  0   0   0]
  ...
  [128   0   0]
  [128   0   0]
  [128   0   0]]

 [[  0   0   0]
  [  0   0   0]
  [  0   0   0]
  ...
  [128   0   0]
  [128   0   0]
  [128   0   0]]]",success,output/raster_comparison_results_256x256\diffs\090_bird-3183441_640_256_diff.jpg
024_owl-1576572_640_256.png,024_owl-1576572_640_256.png,inf,1.0,0.0,"[[[  0   0   0]
  [  0   0   0]
  [  0   0   0]
  ...
  [128   0   0]
  [128   0   0]
  [128   0   0]]

 [[  0   0   0]
  [  0   0   0]
  [  0   0   0]
  ...
  [128   0   0]
  [128   0   0]
  [128   0   0]]

 [[  0   0   0]
  [  0   0   0]
  [  0   0   0]
  ...
  [128   0   0]
  [128   0   0]
  [128   0   0]]

 ...

 [[  0   0   0]
  [  0   0   0]
  [  0   0   0]
  ...
  [128   0   0]
  [128   0   0]
  [128   0   0]]

 [[  0   0   0]
  [  0   0   0]
  [  0   0   0]
  ...
  [128   0   0]
  [128   0   0]
  [128   0   0]]

 [[  0   0   0]
  [  0   0   0]
  [  0   0   0]
  ...
  [128   0   0]
  [128   0   0]
  [128   0   0]]]",success,output/raster_comparison_results_256x256\diffs\024_owl-1576572_640_256_diff.jpg
019_parrot-2756488_640_256.png,019_parrot-2756488_640_256.png,inf,1.0,0.0,"[[[  0   0   0]
  [  0   0   0]
  [  0   0   0]
  ...
  [128   0   0]
  [128   0   0]
  [128   0   0]]

 [[  0   0   0]
  [  0   0   0]
  [  0   0   0]
  ...
  [128   0   0]
  [128   0   0]
  [128   0   0]]

 [[  0   0   0]
  [  0   0   0]
  [  0   0   0]
  ...
  [128   0   0]
  [128   0   0]
  [128   0   0]]

 ...

 [[  0   0   0]
  [  0   0   0]
  [  0   0   0]
  ...
  [128   0   0]
  [128   0   0]
  [128   0   0]]

 [[  0   0   0]
  [  0   0   0]
  [  0   0   0]
  ...
  [128   0   0]
  [128   0   0]
  [128   0   0]]

 [[  0   0   0]
  [  0   0   0]
  [  0   0   0]
  ...
  [128   0   0]
  [128   0   0]
  [128   0   0]]]",success,output/raster_comparison_results_256x256\diffs\019_parrot-2756488_640_256_diff.jpg
148_robin-8446944_1280_256.png,148_robin-8446944_1280_256.png,inf,1.0,0.0,"[[[  0   0   0]
  [  0   0   0]
  [  0   0   0]
  ...
  [128   0   0]
  [128   0   0]
  [128   0   0]]

 [[  0   0   0]
  [  0   0   0]
  [  0   0   0]
  ...
  [128   0   0]
  [128   0   0]
  [128   0   0]]

 [[  0   0   0]
  [  0   0   0]
  [  0   0   0]
  ...
  [128   0   0]
  [128   0   0]
  [128   0   0]]

 ...

 [[  0   0   0]
  [  0   0   0]
  [  0   0   0]
  ...
  [128   0   0]
  [128   0   0]
  [128   0   0]]

 [[  0   0   0]
  [  0   0   0]
  [  0   0   0]
  ...
  [128   0   0]
  [128   0   0]
  [128   0   0]]

 [[  0   0   0]
  [  0   0   0]
  [  0   0   0]
  ...
  [128   0   0]
  [128   0   0]
  [128   0   0]]]",success,output/raster_comparison_results_256x256\diffs\148_robin-8446944_1280_256_diff.jpg
184_kingfisher-1850226_1280_256.png,184_kingfisher-1850226_1280_256.png,inf,1.0,0.0,"[[[  0   0   0]
  [  0   0   0]
  [  0   0   0]
  ...
  [128   0   0]
  [128   0   0]
  [128   0   0]]

 [[  0   0   0]
  [  0   0   0]
  [  0   0   0]
  ...
  [128   0   0]
  [128   0   0]
  [128   0   0]]

 [[  0   0   0]
  [  0   0   0]
  [  0   0   0]
  ...
  [128   0   0]
  [128   0   0]
  [128   0   0]]

 ...

 [[  0   0   0]
  [  0   0   0]
  [  0   0   0]
  ...
  [128   0   0]
  [128   0   0]
  [128   0   0]]

 [[  0   0   0]
  [  0   0   0]
  [  0   0   0]
  ...
  [128   0   0]
  [128   0   0]
  [128   0   0]]

 [[  0   0   0]
  [  0   0   0]
  [  0   0   0]
  ...
  [128   0   0]
  [128   0   0]
  [128   0   0]]]",success,output/raster_comparison_results_256x256\diffs\184_kingfisher-1850226_1280_256_diff.jpg
162_duckling-3524213_1280_256.png,162_duckling-3524213_1280_256.png,inf,1.0,0.0,"[[[  0   0   0]
  [  0   0   0]
  [  0   0   0]
  ...
  [128   0   0]
  [128   0   0]
  [128   0   0]]

 [[  0   0   0]
  [  0   0   0]
  [  0   0   0]
  ...
  [128   0   0]
  [128   0   0]
  [128   0   0]]

 [[  0   0   0]
  [  0   0   0]
  [  0   0   0]
  ...
  [128   0   0]
  [128   0   0]
  [128   0   0]]

 ...

 [[  0   0   0]
  [  0   0   0]
  [  0   0   0]
  ...
  [128   0   0]
  [128   0   0]
  [128   0   0]]

 [[  0   0   0]
  [  0   0   0]
  [  0   0   0]
  ...
  [128   0   0]
  [128   0   0]
  [128   0   0]]

 [[  0   0   0]
  [  0   0   0]
  [  0   0   0]
  ...
  [128   0   0]
  [128   0   0]
  [128   0   0]]]",success,output/raster_comparison_results_256x256\diffs\162_duckling-3524213_1280_256_diff.jpg
009_swan-16736_640_256.png,009_swan-16736_640_256.png,inf,1.0,0.0,"[[[  0   0   0]
  [  0   0   0]
  [  0   0   0]
  ...
  [128   0   0]
  [128   0   0]
  [128   0   0]]

 [[  0   0   0]
  [  0   0   0]
  [  0   0   0]
  ...
  [128   0   0]
  [128   0   0]
  [128   0   0]]

 [[  0   0   0]
  [  0   0   0]
  [  0   0   0]
  ...
  [128   0   0]
  [128   0   0]
  [128   0   0]]

 ...

 [[  0   0   0]
  [  0   0   0]
  [  0   0   0]
  ...
  [128   0   0]
  [128   0   0]
  [128   0   0]]

 [[  0   0   0]
  [  0   0   0]
  [  0   0   0]
  ...
  [128   0   0]
  [128   0   0]
  [128   0   0]]

 [[  0   0   0]
  [  0   0   0]
  [  0   0   0]
  ...
  [128   0   0]
  [128   0   0]
  [128   0   0]]]",success,output/raster_comparison_results_256x256\diffs\009_swan-16736_640_256_diff.jpg
037_bird-3732867_640_256.png,037_bird-3732867_640_256.png,inf,1.0,0.0,"[[[  0   0   0]
  [  0   0   0]
  [  0   0   0]
  ...
  [128   0   0]
  [128   0   0]
  [128   0   0]]

 [[  0   0   0]
  [  0   0   0]
  [  0   0   0]
  ...
  [128   0   0]
  [128   0   0]
  [128   0   0]]

 [[  0   0   0]
  [  0   0   0]
  [  0   0   0]
  ...
  [128   0   0]
  [128   0   0]
  [128   0   0]]

 ...

 [[  0   0   0]
  [  0   0   0]
  [  0   0   0]
  ...
  [128   0   0]
  [128   0   0]
  [128   0   0]]

 [[  0   0   0]
  [  0   0   0]
  [  0   0   0]
  ...
  [128   0   0]
  [128   0   0]
  [128   0   0]]

 [[  0   0   0]
  [  0   0   0]
  [  0   0   0]
  ...
  [128   0   0]
  [128   0   0]
  [128   0   0]]]",success,output/raster_comparison_results_256x256\diffs\037_bird-3732867_640_256_diff.jpg
143_spring-bird-2295434_1280_256.png,143_spring-bird-2295434_1280_256.png,inf,1.0,0.0,"[[[  0   0   0]
  [  0   0   0]
  [  0   0   0]
  ...
  [128   0   0]
  [128   0   0]
  [128   0   0]]

 [[  0   0   0]
  [  0   0   0]
  [  0   0   0]
  ...
  [128   0   0]
  [128   0   0]
  [128   0   0]]

 [[  0   0   0]
  [  0   0   0]
  [  0   0   0]
  ...
  [128   0   0]
  [128   0   0]
  [128   0   0]]

 ...

 [[  0   0   0]
  [  0   0   0]
  [  0   0   0]
  ...
  [128   0   0]
  [128   0   0]
  [128   0   0]]

 [[  0   0   0]
  [  0   0   0]
  [  0   0   0]
  ...
  [128   0   0]
  [128   0   0]
  [128   0   0]]

 [[  0   0   0]
  [  0   0   0]
  [  0   0   0]
  ...
  [128   0   0]
  [128   0   0]
  [128   0   0]]]",success,output/raster_comparison_results_256x256\diffs\143_spring-bird-2295434_1280_256_diff.jpg
052_peacock-feathers-3013486_640_256.png,052_peacock-feathers-3013486_640_256.png,inf,1.0,0.0,"[[[  0   0   0]
  [  0   0   0]
  [  0   0   0]
  ...
  [128   0   0]
  [128   0   0]
  [128   0   0]]

 [[  0   0   0]
  [  0   0   0]
  [  0   0   0]
  ...
  [128   0   0]
  [128   0   0]
  [128   0   0]]

 [[  0   0   0]
  [  0   0   0]
  [  0   0   0]
  ...
  [128   0   0]
  [128   0   0]
  [128   0   0]]

 ...

 [[  0   0   0]
  [  0   0   0]
  [  0   0   0]
  ...
  [128   0   0]
  [128   0   0]
  [128   0   0]]

 [[  0   0   0]
  [  0   0   0]
  [  0   0   0]
  ...
  [128   0   0]
  [128   0   0]
  [128   0   0]]

 [[  0   0   0]
  [  0   0   0]
  [  0   0   0]
  ...
  [128   0   0]
  [128   0   0]
  [128   0   0]]]",success,output/raster_comparison_results_256x256\diffs\052_peacock-feathers-3013486_640_256_diff.jpg
122_hummingbird-1854225_1280_256.png,122_hummingbird-1854225_1280_256.png,inf,1.0,0.0,"[[[  0   0   0]
  [  0   0   0]
  [  0   0   0]
  ...
  [128   0   0]
  [128   0   0]
  [128   0   0]]

 [[  0   0   0]
  [  0   0   0]
  [  0   0   0]
  ...
  [128   0   0]
  [128   0   0]
  [128   0   0]]

 [[  0   0   0]
  [  0   0   0]
  [  0   0   0]
  ...
  [128   0   0]
  [128   0   0]
  [128   0   0]]

 ...

 [[  0   0   0]
  [  0   0   0]
  [  0   0   0]
  ...
  [128   0   0]
  [128   0   0]
  [128   0   0]]

 [[  0   0   0]
  [  0   0   0]
  [  0   0   0]
  ...
  [128   0   0]
  [128   0   0]
  [128   0   0]]

 [[  0   0   0]
  [  0   0   0]
  [  0   0   0]
  ...
  [128   0   0]
  [128   0   0]
  [128   0   0]]]",success,output/raster_comparison_results_256x256\diffs\122_hummingbird-1854225_1280_256_diff.jpg
081_eagle-2045655_640_256.png,081_eagle-2045655_640_256.png,inf,1.0,0.0,"[[[  0   0   0]
  [  0   0   0]
  [  0   0   0]
  ...
  [128   0   0]
  [128   0   0]
  [128   0   0]]

 [[  0   0   0]
  [  0   0   0]
  [  0   0   0]
  ...
  [128   0   0]
  [128   0   0]
  [128   0   0]]

 [[  0   0   0]
  [  0   0   0]
  [  0   0   0]
  ...
  [128   0   0]
  [128   0   0]
  [128   0   0]]

 ...

 [[  0   0   0]
  [  0   0   0]
  [  0   0   0]
  ...
  [128   0   0]
  [128   0   0]
  [128   0   0]]

 [[  0   0   0]
  [  0   0   0]
  [  0   0   0]
  ...
  [128   0   0]
  [128   0   0]
  [128   0   0]]

 [[  0   0   0]
  [  0   0   0]
  [  0   0   0]
  ...
  [128   0   0]
  [128   0   0]
  [128   0   0]]]",success,output/raster_comparison_results_256x256\diffs\081_eagle-2045655_640_256_diff.jpg
074_swan-122983_640_256.png,074_swan-122983_640_256.png,inf,1.0,0.0,"[[[  0   0   0]
  [  0   0   0]
  [  0   0   0]
  ...
  [128   0   0]
  [128   0   0]
  [128   0   0]]

 [[  0   0   0]
  [  0   0   0]
  [  0   0   0]
  ...
  [128   0   0]
  [128   0   0]
  [128   0   0]]

 [[  0   0   0]
  [  0   0   0]
  [  0   0   0]
  ...
  [128   0   0]
  [128   0   0]
  [128   0   0]]

 ...

 [[  0   0   0]
  [  0   0   0]
  [  0   0   0]
  ...
  [128   0   0]
  [128   0   0]
  [128   0   0]]

 [[  0   0   0]
  [  0   0   0]
  [  0   0   0]
  ...
  [128   0   0]
  [128   0   0]
  [128   0   0]]

 [[  0   0   0]
  [  0   0   0]
  [  0   0   0]
  ...
  [128   0   0]
  [128   0   0]
  [128   0   0]]]",success,output/raster_comparison_results_256x256\diffs\074_swan-122983_640_256_diff.jpg
114_swan-3466606_1280_256.png,114_swan-3466606_1280_256.png,inf,1.0,0.0,"[[[  0   0   0]
  [  0   0   0]
  [  0   0   0]
  ...
  [128   0   0]
  [128   0   0]
  [128   0   0]]

 [[  0   0   0]
  [  0   0   0]
  [  0   0   0]
  ...
  [128   0   0]
  [128   0   0]
  [128   0   0]]

 [[  0   0   0]
  [  0   0   0]
  [  0   0   0]
  ...
  [128   0   0]
  [128   0   0]
  [128   0   0]]

 ...

 [[  0   0   0]
  [  0   0   0]
  [  0   0   0]
  ...
  [128   0   0]
  [128   0   0]
  [128   0   0]]

 [[  0   0   0]
  [  0   0   0]
  [  0   0   0]
  ...
  [128   0   0]
  [128   0   0]
  [128   0   0]]

 [[  0   0   0]
  [  0   0   0]
  [  0   0   0]
  ...
  [128   0   0]
  [128   0   0]
  [128   0   0]]]",success,output/raster_comparison_results_256x256\diffs\114_swan-3466606_1280_256_diff.jpg
029_kingfisher-3159334_640_256.png,029_kingfisher-3159334_640_256.png,inf,1.0,0.0,"[[[  0   0   0]
  [  0   0   0]
  [  0   0   0]
  ...
  [128   0   0]
  [128   0   0]
  [128   0   0]]

 [[  0   0   0]
  [  0   0   0]
  [  0   0   0]
  ...
  [128   0   0]
  [128   0   0]
  [128   0   0]]

 [[  0   0   0]
  [  0   0   0]
  [  0   0   0]
  ...
  [128   0   0]
  [128   0   0]
  [128   0   0]]

 ...

 [[  0   0   0]
  [  0   0   0]
  [  0   0   0]
  ...
  [128   0   0]
  [128   0   0]
  [128   0   0]]

 [[  0   0   0]
  [  0   0   0]
  [  0   0   0]
  ...
  [128   0   0]
  [128   0   0]
  [128   0   0]]

 [[  0   0   0]
  [  0   0   0]
  [  0   0   0]
  ...
  [128   0   0]
  [128   0   0]
  [128   0   0]]]",success,output/raster_comparison_results_256x256\diffs\029_kingfisher-3159334_640_256_diff.jpg
069_halcyon-1352522_640_256.png,069_halcyon-1352522_640_256.png,inf,1.0,0.0,"[[[  0   0   0]
  [  0   0   0]
  [  0   0   0]
  ...
  [128   0   0]
  [128   0   0]
  [128   0   0]]

 [[  0   0   0]
  [  0   0   0]
  [  0   0   0]
  ...
  [128   0   0]
  [128   0   0]
  [128   0   0]]

 [[  0   0   0]
  [  0   0   0]
  [  0   0   0]
  ...
  [128   0   0]
  [128   0   0]
  [128   0   0]]

 ...

 [[  0   0   0]
  [  0   0   0]
  [  0   0   0]
  ...
  [128   0   0]
  [128   0   0]
  [128   0   0]]

 [[  0   0   0]
  [  0   0   0]
  [  0   0   0]
  ...
  [128   0   0]
  [128   0   0]
  [128   0   0]]

 [[  0   0   0]
  [  0   0   0]
  [  0   0   0]
  ...
  [128   0   0]
  [128   0   0]
  [128   0   0]]]",success,output/raster_comparison_results_256x256\diffs\069_halcyon-1352522_640_256_diff.jpg
082_kingfisher-1850226_640_256.png,082_kingfisher-1850226_640_256.png,inf,1.0,0.0,"[[[  0   0   0]
  [  0   0   0]
  [  0   0   0]
  ...
  [128   0   0]
  [128   0   0]
  [128   0   0]]

 [[  0   0   0]
  [  0   0   0]
  [  0   0   0]
  ...
  [128   0   0]
  [128   0   0]
  [128   0   0]]

 [[  0   0   0]
  [  0   0   0]
  [  0   0   0]
  ...
  [128   0   0]
  [128   0   0]
  [128   0   0]]

 ...

 [[  0   0   0]
  [  0   0   0]
  [  0   0   0]
  ...
  [128   0   0]
  [128   0   0]
  [128   0   0]]

 [[  0   0   0]
  [  0   0   0]
  [  0   0   0]
  ...
  [128   0   0]
  [128   0   0]
  [128   0   0]]

 [[  0   0   0]
  [  0   0   0]
  [  0   0   0]
  ...
  [128   0   0]
  [128   0   0]
  [128   0   0]]]",success,output/raster_comparison_results_256x256\diffs\082_kingfisher-1850226_640_256_diff.jpg
105_bird-349026_1280_256.png,105_bird-349026_1280_256.png,inf,1.0,0.0,"[[[  0   0   0]
  [  0   0   0]
  [  0   0   0]
  ...
  [128   0   0]
  [128   0   0]
  [128   0   0]]

 [[  0   0   0]
  [  0   0   0]
  [  0   0   0]
  ...
  [128   0   0]
  [128   0   0]
  [128   0   0]]

 [[  0   0   0]
  [  0   0   0]
  [  0   0   0]
  ...
  [128   0   0]
  [128   0   0]
  [128   0   0]]

 ...

 [[  0   0   0]
  [  0   0   0]
  [  0   0   0]
  ...
  [128   0   0]
  [128   0   0]
  [128   0   0]]

 [[  0   0   0]
  [  0   0   0]
  [  0   0   0]
  ...
  [128   0   0]
  [128   0   0]
  [128   0   0]]

 [[  0   0   0]
  [  0   0   0]
  [  0   0   0]
  ...
  [128   0   0]
  [128   0   0]
  [128   0   0]]]",success,output/raster_comparison_results_256x256\diffs\105_bird-349026_1280_256_diff.jpg
098_dove-2516641_1280_256.png,098_dove-2516641_1280_256.png,inf,1.0,0.0,"[[[  0   0   0]
  [  0   0   0]
  [  0   0   0]
  ...
  [128   0   0]
  [128   0   0]
  [128   0   0]]

 [[  0   0   0]
  [  0   0   0]
  [  0   0   0]
  ...
  [128   0   0]
  [128   0   0]
  [128   0   0]]

 [[  0   0   0]
  [  0   0   0]
  [  0   0   0]
  ...
  [128   0   0]
  [128   0   0]
  [128   0   0]]

 ...

 [[  0   0   0]
  [  0   0   0]
  [  0   0   0]
  ...
  [128   0   0]
  [128   0   0]
  [128   0   0]]

 [[  0   0   0]
  [  0   0   0]
  [  0   0   0]
  ...
  [128   0   0]
  [128   0   0]
  [128   0   0]]

 [[  0   0   0]
  [  0   0   0]
  [  0   0   0]
  ...
  [128   0   0]
  [128   0   0]
  [128   0   0]]]",success,output/raster_comparison_results_256x256\diffs\098_dove-2516641_1280_256_diff.jpg
087_owl-3649048_640_256.png,087_owl-3649048_640_256.png,inf,1.0,0.0,"[[[  0   0   0]
  [  0   0   0]
  [  0   0   0]
  ...
  [128   0   0]
  [128   0   0]
  [128   0   0]]

 [[  0   0   0]
  [  0   0   0]
  [  0   0   0]
  ...
  [128   0   0]
  [128   0   0]
  [128   0   0]]

 [[  0   0   0]
  [  0   0   0]
  [  0   0   0]
  ...
  [128   0   0]
  [128   0   0]
  [128   0   0]]

 ...

 [[  0   0   0]
  [  0   0   0]
  [  0   0   0]
  ...
  [128   0   0]
  [128   0   0]
  [128   0   0]]

 [[  0   0   0]
  [  0   0   0]
  [  0   0   0]
  ...
  [128   0   0]
  [128   0   0]
  [128   0   0]]

 [[  0   0   0]
  [  0   0   0]
  [  0   0   0]
  ...
  [128   0   0]
  [128   0   0]
  [128   0   0]]]",success,output/raster_comparison_results_256x256\diffs\087_owl-3649048_640_256_diff.jpg
083_hummingbird-5111260_640_256.png,083_hummingbird-5111260_640_256.png,inf,1.0,0.0,"[[[  0   0   0]
  [  0   0   0]
  [  0   0   0]
  ...
  [128   0   0]
  [128   0   0]
  [128   0   0]]

 [[  0   0   0]
  [  0   0   0]
  [  0   0   0]
  ...
  [128   0   0]
  [128   0   0]
  [128   0   0]]

 [[  0   0   0]
  [  0   0   0]
  [  0   0   0]
  ...
  [128   0   0]
  [128   0   0]
  [128   0   0]]

 ...

 [[  0   0   0]
  [  0   0   0]
  [  0   0   0]
  ...
  [128   0   0]
  [128   0   0]
  [128   0   0]]

 [[  0   0   0]
  [  0   0   0]
  [  0   0   0]
  ...
  [128   0   0]
  [128   0   0]
  [128   0   0]]

 [[  0   0   0]
  [  0   0   0]
  [  0   0   0]
  ...
  [128   0   0]
  [128   0   0]
  [128   0   0]]]",success,output/raster_comparison_results_256x256\diffs\083_hummingbird-5111260_640_256_diff.jpg
044_owl-1845060_640_256.png,044_owl-1845060_640_256.png,inf,1.0,0.0,"[[[  0   0   0]
  [  0   0   0]
  [  0   0   0]
  ...
  [128   0   0]
  [128   0   0]
  [128   0   0]]

 [[  0   0   0]
  [  0   0   0]
  [  0   0   0]
  ...
  [128   0   0]
  [128   0   0]
  [128   0   0]]

 [[  0   0   0]
  [  0   0   0]
  [  0   0   0]
  ...
  [128   0   0]
  [128   0   0]
  [128   0   0]]

 ...

 [[  0   0   0]
  [  0   0   0]
  [  0   0   0]
  ...
  [128   0   0]
  [128   0   0]
  [128   0   0]]

 [[  0   0   0]
  [  0   0   0]
  [  0   0   0]
  ...
  [128   0   0]
  [128   0   0]
  [128   0   0]]

 [[  0   0   0]
  [  0   0   0]
  [  0   0   0]
  ...
  [128   0   0]
  [128   0   0]
  [128   0   0]]]",success,output/raster_comparison_results_256x256\diffs\044_owl-1845060_640_256_diff.jpg
120_bird-1905255_1280_256.png,120_bird-1905255_1280_256.png,inf,1.0,0.0,"[[[  0   0   0]
  [  0   0   0]
  [  0   0   0]
  ...
  [128   0   0]
  [128   0   0]
  [128   0   0]]

 [[  0   0   0]
  [  0   0   0]
  [  0   0   0]
  ...
  [128   0   0]
  [128   0   0]
  [128   0   0]]

 [[  0   0   0]
  [  0   0   0]
  [  0   0   0]
  ...
  [128   0   0]
  [128   0   0]
  [128   0   0]]

 ...

 [[  0   0   0]
  [  0   0   0]
  [  0   0   0]
  ...
  [128   0   0]
  [128   0   0]
  [128   0   0]]

 [[  0   0   0]
  [  0   0   0]
  [  0   0   0]
  ...
  [128   0   0]
  [128   0   0]
  [128   0   0]]

 [[  0   0   0]
  [  0   0   0]
  [  0   0   0]
  ...
  [128   0   0]
  [128   0   0]
  [128   0   0]]]",success,output/raster_comparison_results_256x256\diffs\120_bird-1905255_1280_256_diff.jpg
172_swan-2107052_1280_256.png,172_swan-2107052_1280_256.png,inf,1.0,0.0,"[[[  0   0   0]
  [  0   0   0]
  [  0   0   0]
  ...
  [128   0   0]
  [128   0   0]
  [128   0   0]]

 [[  0   0   0]
  [  0   0   0]
  [  0   0   0]
  ...
  [128   0   0]
  [128   0   0]
  [128   0   0]]

 [[  0   0   0]
  [  0   0   0]
  [  0   0   0]
  ...
  [128   0   0]
  [128   0   0]
  [128   0   0]]

 ...

 [[  0   0   0]
  [  0   0   0]
  [  0   0   0]
  ...
  [128   0   0]
  [128   0   0]
  [128   0   0]]

 [[  0   0   0]
  [  0   0   0]
  [  0   0   0]
  ...
  [128   0   0]
  [128   0   0]
  [128   0   0]]

 [[  0   0   0]
  [  0   0   0]
  [  0   0   0]
  ...
  [128   0   0]
  [128   0   0]
  [128   0   0]]]",success,output/raster_comparison_results_256x256\diffs\172_swan-2107052_1280_256_diff.jpg
182_swan-122983_1280_256.png,182_swan-122983_1280_256.png,inf,1.0,0.0,"[[[  0   0   0]
  [  0   0   0]
  [  0   0   0]
  ...
  [128   0   0]
  [128   0   0]
  [128   0   0]]

 [[  0   0   0]
  [  0   0   0]
  [  0   0   0]
  ...
  [128   0   0]
  [128   0   0]
  [128   0   0]]

 [[  0   0   0]
  [  0   0   0]
  [  0   0   0]
  ...
  [128   0   0]
  [128   0   0]
  [128   0   0]]

 ...

 [[  0   0   0]
  [  0   0   0]
  [  0   0   0]
  ...
  [128   0   0]
  [128   0   0]
  [128   0   0]]

 [[  0   0   0]
  [  0   0   0]
  [  0   0   0]
  ...
  [128   0   0]
  [128   0   0]
  [128   0   0]]

 [[  0   0   0]
  [  0   0   0]
  [  0   0   0]
  ...
  [128   0   0]
  [128   0   0]
  [128   0   0]]]",success,output/raster_comparison_results_256x256\diffs\182_swan-122983_1280_256_diff.jpg
158_bird-3183441_1280_256.png,158_bird-3183441_1280_256.png,inf,1.0,0.0,"[[[  0   0   0]
  [  0   0   0]
  [  0   0   0]
  ...
  [128   0   0]
  [128   0   0]
  [128   0   0]]

 [[  0   0   0]
  [  0   0   0]
  [  0   0   0]
  ...
  [128   0   0]
  [128   0   0]
  [128   0   0]]

 [[  0   0   0]
  [  0   0   0]
  [  0   0   0]
  ...
  [128   0   0]
  [128   0   0]
  [128   0   0]]

 ...

 [[  0   0   0]
  [  0   0   0]
  [  0   0   0]
  ...
  [128   0   0]
  [128   0   0]
  [128   0   0]]

 [[  0   0   0]
  [  0   0   0]
  [  0   0   0]
  ...
  [128   0   0]
  [128   0   0]
  [128   0   0]]

 [[  0   0   0]
  [  0   0   0]
  [  0   0   0]
  ...
  [128   0   0]
  [128   0   0]
  [128   0   0]]]",success,output/raster_comparison_results_256x256\diffs\158_bird-3183441_1280_256_diff.jpg
026_bird-349026_640_256.png,026_bird-349026_640_256.png,inf,1.0,0.0,"[[[  0   0   0]
  [  0   0   0]
  [  0   0   0]
  ...
  [128   0   0]
  [128   0   0]
  [128   0   0]]

 [[  0   0   0]
  [  0   0   0]
  [  0   0   0]
  ...
  [128   0   0]
  [128   0   0]
  [128   0   0]]

 [[  0   0   0]
  [  0   0   0]
  [  0   0   0]
  ...
  [128   0   0]
  [128   0   0]
  [128   0   0]]

 ...

 [[  0   0   0]
  [  0   0   0]
  [  0   0   0]
  ...
  [128   0   0]
  [128   0   0]
  [128   0   0]]

 [[  0   0   0]
  [  0   0   0]
  [  0   0   0]
  ...
  [128   0   0]
  [128   0   0]
  [128   0   0]]

 [[  0   0   0]
  [  0   0   0]
  [  0   0   0]
  ...
  [128   0   0]
  [128   0   0]
  [128   0   0]]]",success,output/raster_comparison_results_256x256\diffs\026_bird-349026_640_256_diff.jpg
166_parrot-2756488_1280_256.png,166_parrot-2756488_1280_256.png,inf,1.0,0.0,"[[[  0   0   0]
  [  0   0   0]
  [  0   0   0]
  ...
  [128   0   0]
  [128   0   0]
  [128   0   0]]

 [[  0   0   0]
  [  0   0   0]
  [  0   0   0]
  ...
  [128   0   0]
  [128   0   0]
  [128   0   0]]

 [[  0   0   0]
  [  0   0   0]
  [  0   0   0]
  ...
  [128   0   0]
  [128   0   0]
  [128   0   0]]

 ...

 [[  0   0   0]
  [  0   0   0]
  [  0   0   0]
  ...
  [128   0   0]
  [128   0   0]
  [128   0   0]]

 [[  0   0   0]
  [  0   0   0]
  [  0   0   0]
  ...
  [128   0   0]
  [128   0   0]
  [128   0   0]]

 [[  0   0   0]
  [  0   0   0]
  [  0   0   0]
  ...
  [128   0   0]
  [128   0   0]
  [128   0   0]]]",success,output/raster_comparison_results_256x256\diffs\166_parrot-2756488_1280_256_diff.jpg
012_spring-bird-2295434_640_256.png,012_spring-bird-2295434_640_256.png,inf,1.0,0.0,"[[[  0   0   0]
  [  0   0   0]
  [  0   0   0]
  ...
  [128   0   0]
  [128   0   0]
  [128   0   0]]

 [[  0   0   0]
  [  0   0   0]
  [  0   0   0]
  ...
  [128   0   0]
  [128   0   0]
  [128   0   0]]

 [[  0   0   0]
  [  0   0   0]
  [  0   0   0]
  ...
  [128   0   0]
  [128   0   0]
  [128   0   0]]

 ...

 [[  0   0   0]
  [  0   0   0]
  [  0   0   0]
  ...
  [128   0   0]
  [128   0   0]
  [128   0   0]]

 [[  0   0   0]
  [  0   0   0]
  [  0   0   0]
  ...
  [128   0   0]
  [128   0   0]
  [128   0   0]]

 [[  0   0   0]
  [  0   0   0]
  [  0   0   0]
  ...
  [128   0   0]
  [128   0   0]
  [128   0   0]]]",success,output/raster_comparison_results_256x256\diffs\012_spring-bird-2295434_640_256_diff.jpg
138_bird-3743094_1280_256.png,138_bird-3743094_1280_256.png,inf,1.0,0.0,"[[[  0   0   0]
  [  0   0   0]
  [  0   0   0]
  ...
  [128   0   0]
  [128   0   0]
  [128   0   0]]

 [[  0   0   0]
  [  0   0   0]
  [  0   0   0]
  ...
  [128   0   0]
  [128   0   0]
  [128   0   0]]

 [[  0   0   0]
  [  0   0   0]
  [  0   0   0]
  ...
  [128   0   0]
  [128   0   0]
  [128   0   0]]

 ...

 [[  0   0   0]
  [  0   0   0]
  [  0   0   0]
  ...
  [128   0   0]
  [128   0   0]
  [128   0   0]]

 [[  0   0   0]
  [  0   0   0]
  [  0   0   0]
  ...
  [128   0   0]
  [128   0   0]
  [128   0   0]]

 [[  0   0   0]
  [  0   0   0]
  [  0   0   0]
  ...
  [128   0   0]
  [128   0   0]
  [128   0   0]]]",success,output/raster_comparison_results_256x256\diffs\138_bird-3743094_1280_256_diff.jpg
142_barn-owl-2550068_1280_256.png,142_barn-owl-2550068_1280_256.png,inf,1.0,0.0,"[[[  0   0   0]
  [  0   0   0]
  [  0   0   0]
  ...
  [128   0   0]
  [128   0   0]
  [128   0   0]]

 [[  0   0   0]
  [  0   0   0]
  [  0   0   0]
  ...
  [128   0   0]
  [128   0   0]
  [128   0   0]]

 [[  0   0   0]
  [  0   0   0]
  [  0   0   0]
  ...
  [128   0   0]
  [128   0   0]
  [128   0   0]]

 ...

 [[  0   0   0]
  [  0   0   0]
  [  0   0   0]
  ...
  [128   0   0]
  [128   0   0]
  [128   0   0]]

 [[  0   0   0]
  [  0   0   0]
  [  0   0   0]
  ...
  [128   0   0]
  [128   0   0]
  [128   0   0]]

 [[  0   0   0]
  [  0   0   0]
  [  0   0   0]
  ...
  [128   0   0]
  [128   0   0]
  [128   0   0]]]",success,output/raster_comparison_results_256x256\diffs\142_barn-owl-2550068_1280_256_diff.jpg
168_hummingbird-2139279_1280_256.png,168_hummingbird-2139279_1280_256.png,inf,1.0,0.0,"[[[  0   0   0]
  [  0   0   0]
  [  0   0   0]
  ...
  [128   0   0]
  [128   0   0]
  [128   0   0]]

 [[  0   0   0]
  [  0   0   0]
  [  0   0   0]
  ...
  [128   0   0]
  [128   0   0]
  [128   0   0]]

 [[  0   0   0]
  [  0   0   0]
  [  0   0   0]
  ...
  [128   0   0]
  [128   0   0]
  [128   0   0]]

 ...

 [[  0   0   0]
  [  0   0   0]
  [  0   0   0]
  ...
  [128   0   0]
  [128   0   0]
  [128   0   0]]

 [[  0   0   0]
  [  0   0   0]
  [  0   0   0]
  ...
  [128   0   0]
  [128   0   0]
  [128   0   0]]

 [[  0   0   0]
  [  0   0   0]
  [  0   0   0]
  ...
  [128   0   0]
  [128   0   0]
  [128   0   0]]]",success,output/raster_comparison_results_256x256\diffs\168_hummingbird-2139279_1280_256_diff.jpg
023_kingfisher-1068684_640_256.png,023_kingfisher-1068684_640_256.png,inf,1.0,0.0,"[[[ 14  31  40]
  [ 13  28  37]
  [ 12  27  37]
  ...
  [128   0   0]
  [128   0   0]
  [128   0   0]]

 [[ 12  29  38]
  [ 12  28  37]
  [ 14  28  39]
  ...
  [128   0   0]
  [128   0   0]
  [128   0   0]]

 [[ 13  30  39]
  [ 13  29  38]
  [ 14  28  39]
  ...
  [128   0   0]
  [128   0   0]
  [128   0   0]]

 ...

 [[ 82  96 108]
  [ 92 106 118]
  [ 81  95 108]
  ...
  [128   0   0]
  [128   0   0]
  [128   0   0]]

 [[ 65  80  90]
  [ 58  73  84]
  [ 54  70  82]
  ...
  [128   0   0]
  [128   0   0]
  [128   0   0]]

 [[ 78  93 102]
  [ 80  96 105]
  [ 69  86  95]
  ...
  [128   0   0]
  [128   0   0]
  [128   0   0]]]",success,output/raster_comparison_results_256x256\diffs\023_kingfisher-1068684_640_256_diff.jpg
057_beach-832346_640_256.png,057_beach-832346_640_256.png,inf,1.0,0.0,"[[[  0   0   0]
  [  0   0   0]
  [  0   0   0]
  ...
  [128   0   0]
  [128   0   0]
  [128   0   0]]

 [[  0   0   0]
  [  0   0   0]
  [  0   0   0]
  ...
  [128   0   0]
  [128   0   0]
  [128   0   0]]

 [[  0   0   0]
  [  0   0   0]
  [  0   0   0]
  ...
  [128   0   0]
  [128   0   0]
  [128   0   0]]

 ...

 [[  0   0   0]
  [  0   0   0]
  [  0   0   0]
  ...
  [128   0   0]
  [128   0   0]
  [128   0   0]]

 [[  0   0   0]
  [  0   0   0]
  [  0   0   0]
  ...
  [128   0   0]
  [128   0   0]
  [128   0   0]]

 [[  0   0   0]
  [  0   0   0]
  [  0   0   0]
  ...
  [128   0   0]
  [128   0   0]
  [128   0   0]]]",success,output/raster_comparison_results_256x256\diffs\057_beach-832346_640_256_diff.jpg
161_red-kite-50498_1280_256.png,161_red-kite-50498_1280_256.png,inf,1.0,0.0,"[[[  0   0   0]
  [  0   0   0]
  [  0   0   0]
  ...
  [128   0   0]
  [128   0   0]
  [128   0   0]]

 [[  0   0   0]
  [  0   0   0]
  [  0   0   0]
  ...
  [128   0   0]
  [128   0   0]
  [128   0   0]]

 [[  0   0   0]
  [  0   0   0]
  [  0   0   0]
  ...
  [128   0   0]
  [128   0   0]
  [128   0   0]]

 ...

 [[  0   0   0]
  [  0   0   0]
  [  0   0   0]
  ...
  [128   0   0]
  [128   0   0]
  [128   0   0]]

 [[  0   0   0]
  [  0   0   0]
  [  0   0   0]
  ...
  [128   0   0]
  [128   0   0]
  [128   0   0]]

 [[  0   0   0]
  [  0   0   0]
  [  0   0   0]
  ...
  [128   0   0]
  [128   0   0]
  [128   0   0]]]",success,output/raster_comparison_results_256x256\diffs\161_red-kite-50498_1280_256_diff.jpg
067_plumage-176723_640_256.png,067_plumage-176723_640_256.png,inf,1.0,0.0,"[[[  0   0   0]
  [  0   0   0]
  [  0   0   0]
  ...
  [128   0   0]
  [128   0   0]
  [128   0   0]]

 [[  0   0   0]
  [  0   0   0]
  [  0   0   0]
  ...
  [128   0   0]
  [128   0   0]
  [128   0   0]]

 [[  0   0   0]
  [  0   0   0]
  [  0   0   0]
  ...
  [128   0   0]
  [128   0   0]
  [128   0   0]]

 ...

 [[  0   0   0]
  [  0   0   0]
  [  0   0   0]
  ...
  [128   0   0]
  [128   0   0]
  [128   0   0]]

 [[  0   0   0]
  [  0   0   0]
  [  0   0   0]
  ...
  [128   0   0]
  [128   0   0]
  [128   0   0]]

 [[  0   0   0]
  [  0   0   0]
  [  0   0   0]
  ...
  [128   0   0]
  [128   0   0]
  [128   0   0]]]",success,output/raster_comparison_results_256x256\diffs\067_plumage-176723_640_256_diff.jpg
176_eagle-1753002_1280_256.png,176_eagle-1753002_1280_256.png,inf,1.0,0.0,"[[[  0   0   0]
  [  0   0   0]
  [  0   0   0]
  ...
  [128   0   0]
  [128   0   0]
  [128   0   0]]

 [[  0   0   0]
  [  0   0   0]
  [  0   0   0]
  ...
  [128   0   0]
  [128   0   0]
  [128   0   0]]

 [[  0   0   0]
  [  0   0   0]
  [  0   0   0]
  ...
  [128   0   0]
  [128   0   0]
  [128   0   0]]

 ...

 [[  0   0   0]
  [  0   0   0]
  [  0   0   0]
  ...
  [128   0   0]
  [128   0   0]
  [128   0   0]]

 [[  0   0   0]
  [  0   0   0]
  [  0   0   0]
  ...
  [128   0   0]
  [128   0   0]
  [128   0   0]]

 [[  0   0   0]
  [  0   0   0]
  [  0   0   0]
  ...
  [128   0   0]
  [128   0   0]
  [128   0   0]]]",success,output/raster_comparison_results_256x256\diffs\176_eagle-1753002_1280_256_diff.jpg
002_hummingbird-1854225_640_256.png,002_hummingbird-1854225_640_256.png,inf,1.0,0.0,"[[[  0   0   0]
  [  0   0   0]
  [  0   0   0]
  ...
  [128   0   0]
  [128   0   0]
  [128   0   0]]

 [[  0   0   0]
  [  0   0   0]
  [  0   0   0]
  ...
  [128   0   0]
  [128   0   0]
  [128   0   0]]

 [[  0   0   0]
  [  0   0   0]
  [  0   0   0]
  ...
  [128   0   0]
  [128   0   0]
  [128   0   0]]

 ...

 [[  0   0   0]
  [  0   0   0]
  [  0   0   0]
  ...
  [128   0   0]
  [128   0   0]
  [128   0   0]]

 [[  0   0   0]
  [  0   0   0]
  [  0   0   0]
  ...
  [128   0   0]
  [128   0   0]
  [128   0   0]]

 [[  0   0   0]
  [  0   0   0]
  [  0   0   0]
  ...
  [128   0   0]
  [128   0   0]
  [128   0   0]]]",success,output/raster_comparison_results_256x256\diffs\002_hummingbird-1854225_640_256_diff.jpg
022_hummingbird-1823829_640_256.png,022_hummingbird-1823829_640_256.png,inf,1.0,0.0,"[[[  0   0   0]
  [  0   0   0]
  [  0   0   0]
  ...
  [128   0   0]
  [128   0   0]
  [128   0   0]]

 [[  0   0   0]
  [  0   0   0]
  [  0   0   0]
  ...
  [128   0   0]
  [128   0   0]
  [128   0   0]]

 [[  0   0   0]
  [  0   0   0]
  [  0   0   0]
  ...
  [128   0   0]
  [128   0   0]
  [128   0   0]]

 ...

 [[  0   0   0]
  [  0   0   0]
  [  0   0   0]
  ...
  [128   0   0]
  [128   0   0]
  [128   0   0]]

 [[  0   0   0]
  [  0   0   0]
  [  0   0   0]
  ...
  [128   0   0]
  [128   0   0]
  [128   0   0]]

 [[  0   0   0]
  [  0   0   0]
  [  0   0   0]
  ...
  [128   0   0]
  [128   0   0]
  [128   0   0]]]",success,output/raster_comparison_results_256x256\diffs\022_hummingbird-1823829_640_256_diff.jpg
076_duckling-3524213_640_256.png,076_duckling-3524213_640_256.png,inf,1.0,0.0,"[[[  0   0   0]
  [  0   0   0]
  [  0   0   0]
  ...
  [128   0   0]
  [128   0   0]
  [128   0   0]]

 [[  0   0   0]
  [  0   0   0]
  [  0   0   0]
  ...
  [128   0   0]
  [128   0   0]
  [128   0   0]]

 [[  0   0   0]
  [  0   0   0]
  [  0   0   0]
  ...
  [128   0   0]
  [128   0   0]
  [128   0   0]]

 ...

 [[  0   0   0]
  [  0   0   0]
  [  0   0   0]
  ...
  [128   0   0]
  [128   0   0]
  [128   0   0]]

 [[  0   0   0]
  [  0   0   0]
  [  0   0   0]
  ...
  [128   0   0]
  [128   0   0]
  [128   0   0]]

 [[  0   0   0]
  [  0   0   0]
  [  0   0   0]
  ...
  [128   0   0]
  [128   0   0]
  [128   0   0]]]",success,output/raster_comparison_results_256x256\diffs\076_duckling-3524213_640_256_diff.jpg
130_seagulls-815304_1280_256.png,130_seagulls-815304_1280_256.png,inf,1.0,0.0,"[[[  0   0   0]
  [  0   0   0]
  [  0   0   0]
  ...
  [128   0   0]
  [128   0   0]
  [128   0   0]]

 [[  0   0   0]
  [  0   0   0]
  [  0   0   0]
  ...
  [128   0   0]
  [128   0   0]
  [128   0   0]]

 [[  0   0   0]
  [  0   0   0]
  [  0   0   0]
  ...
  [128   0   0]
  [128   0   0]
  [128   0   0]]

 ...

 [[  0   0   0]
  [  0   0   0]
  [  0   0   0]
  ...
  [128   0   0]
  [128   0   0]
  [128   0   0]]

 [[  0   0   0]
  [  0   0   0]
  [  0   0   0]
  ...
  [128   0   0]
  [128   0   0]
  [128   0   0]]

 [[  0   0   0]
  [  0   0   0]
  [  0   0   0]
  ...
  [128   0   0]
  [128   0   0]
  [128   0   0]]]",success,output/raster_comparison_results_256x256\diffs\130_seagulls-815304_1280_256_diff.jpg
104_kingfisher-1068684_1280_256.png,104_kingfisher-1068684_1280_256.png,inf,1.0,0.0,"[[[ 15  30  39]
  [ 13  28  37]
  [ 12  27  36]
  ...
  [128   0   0]
  [128   0   0]
  [128   0   0]]

 [[ 14  29  38]
  [ 13  28  37]
  [ 13  28  37]
  ...
  [128   0   0]
  [128   0   0]
  [128   0   0]]

 [[ 14  29  38]
  [ 14  29  38]
  [ 14  29  38]
  ...
  [128   0   0]
  [128   0   0]
  [128   0   0]]

 ...

 [[ 86 101 110]
  [ 94 108 118]
  [ 79  96 105]
  ...
  [128   0   0]
  [128   0   0]
  [128   0   0]]

 [[ 63  77  87]
  [ 56  72  81]
  [ 56  72  81]
  ...
  [128   0   0]
  [128   0   0]
  [128   0   0]]

 [[ 80  95 104]
  [ 78  96 105]
  [ 70  87  96]
  ...
  [128   0   0]
  [128   0   0]
  [128   0   0]]]",success,output/raster_comparison_results_256x256\diffs\104_kingfisher-1068684_1280_256_diff.jpg
159_peacock-3617474_1280_256.png,159_peacock-3617474_1280_256.png,inf,1.0,0.0,"[[[  0   0   0]
  [  0   0   0]
  [  0   0   0]
  ...
  [128   0   0]
  [128   0   0]
  [128   0   0]]

 [[  0   0   0]
  [  0   0   0]
  [  0   0   0]
  ...
  [128   0   0]
  [128   0   0]
  [128   0   0]]

 [[  0   0   0]
  [  0   0   0]
  [  0   0   0]
  ...
  [128   0   0]
  [128   0   0]
  [128   0   0]]

 ...

 [[  0   0   0]
  [  0   0   0]
  [  0   0   0]
  ...
  [128   0   0]
  [128   0   0]
  [128   0   0]]

 [[  0   0   0]
  [  0   0   0]
  [  0   0   0]
  ...
  [128   0   0]
  [128   0   0]
  [128   0   0]]

 [[  0   0   0]
  [  0   0   0]
  [  0   0   0]
  ...
  [128   0   0]
  [128   0   0]
  [128   0   0]]]",success,output/raster_comparison_results_256x256\diffs\159_peacock-3617474_1280_256_diff.jpg
118_victoria-crowned-pigeon-4486154_1280_256.png,118_victoria-crowned-pigeon-4486154_1280_256.png,inf,1.0,0.0,"[[[  0   0   0]
  [  0   0   0]
  [  0   0   0]
  ...
  [128   0   0]
  [128   0   0]
  [128   0   0]]

 [[  0   0   0]
  [  0   0   0]
  [  0   0   0]
  ...
  [128   0   0]
  [128   0   0]
  [128   0   0]]

 [[  0   0   0]
  [  0   0   0]
  [  0   0   0]
  ...
  [128   0   0]
  [128   0   0]
  [128   0   0]]

 ...

 [[  0   0   0]
  [  0   0   0]
  [  0   0   0]
  ...
  [128   0   0]
  [128   0   0]
  [128   0   0]]

 [[  0   0   0]
  [  0   0   0]
  [  0   0   0]
  ...
  [128   0   0]
  [128   0   0]
  [128   0   0]]

 [[  0   0   0]
  [  0   0   0]
  [  0   0   0]
  ...
  [128   0   0]
  [128   0   0]
  [128   0   0]]]",success,output/raster_comparison_results_256x256\diffs\118_victoria-crowned-pigeon-4486154_1280_256_diff.jpg
154_peafowl-816981_1280_256.png,154_peafowl-816981_1280_256.png,inf,1.0,0.0,"[[[  0   0   0]
  [  0   0   0]
  [  0   0   0]
  ...
  [128   0   0]
  [128   0   0]
  [128   0   0]]

 [[  0   0   0]
  [  0   0   0]
  [  0   0   0]
  ...
  [128   0   0]
  [128   0   0]
  [128   0   0]]

 [[  0   0   0]
  [  0   0   0]
  [  0   0   0]
  ...
  [128   0   0]
  [128   0   0]
  [128   0   0]]

 ...

 [[  0   0   0]
  [  0   0   0]
  [  0   0   0]
  ...
  [128   0   0]
  [128   0   0]
  [128   0   0]]

 [[  0   0   0]
  [  0   0   0]
  [  0   0   0]
  ...
  [128   0   0]
  [128   0   0]
  [128   0   0]]

 [[  0   0   0]
  [  0   0   0]
  [  0   0   0]
  ...
  [128   0   0]
  [128   0   0]
  [128   0   0]]]",success,output/raster_comparison_results_256x256\diffs\154_peafowl-816981_1280_256_diff.jpg
169_bird-2295431_1280_256.png,169_bird-2295431_1280_256.png,inf,1.0,0.0,"[[[  0   0   0]
  [  0   0   0]
  [  0   0   0]
  ...
  [128   0   0]
  [128   0   0]
  [128   0   0]]

 [[  0   0   0]
  [  0   0   0]
  [  0   0   0]
  ...
  [128   0   0]
  [128   0   0]
  [128   0   0]]

 [[  0   0   0]
  [  0   0   0]
  [  0   0   0]
  ...
  [128   0   0]
  [128   0   0]
  [128   0   0]]

 ...

 [[  0   0   0]
  [  0   0   0]
  [  0   0   0]
  ...
  [128   0   0]
  [128   0   0]
  [128   0   0]]

 [[  0   0   0]
  [  0   0   0]
  [  0   0   0]
  ...
  [128   0   0]
  [128   0   0]
  [128   0   0]]

 [[  0   0   0]
  [  0   0   0]
  [  0   0   0]
  ...
  [128   0   0]
  [128   0   0]
  [128   0   0]]]",success,output/raster_comparison_results_256x256\diffs\169_bird-2295431_1280_256_diff.jpg
054_hummingbird-5255827_640_256.png,054_hummingbird-5255827_640_256.png,inf,1.0,0.0,"[[[  0   0   0]
  [  0   0   0]
  [  0   0   0]
  ...
  [128   0   0]
  [128   0   0]
  [128   0   0]]

 [[  0   0   0]
  [  0   0   0]
  [  0   0   0]
  ...
  [128   0   0]
  [128   0   0]
  [128   0   0]]

 [[  0   0   0]
  [  0   0   0]
  [  0   0   0]
  ...
  [128   0   0]
  [128   0   0]
  [128   0   0]]

 ...

 [[  0   0   0]
  [  0   0   0]
  [  0   0   0]
  ...
  [128   0   0]
  [128   0   0]
  [128   0   0]]

 [[  0   0   0]
  [  0   0   0]
  [  0   0   0]
  ...
  [128   0   0]
  [128   0   0]
  [128   0   0]]

 [[  0   0   0]
  [  0   0   0]
  [  0   0   0]
  ...
  [128   0   0]
  [128   0   0]
  [128   0   0]]]",success,output/raster_comparison_results_256x256\diffs\054_hummingbird-5255827_640_256_diff.jpg
020_beach-1852945_640_256.png,020_beach-1852945_640_256.png,inf,1.0,0.0,"[[[  0   0   0]
  [  0   0   0]
  [  0   0   0]
  ...
  [128   0   0]
  [128   0   0]
  [128   0   0]]

 [[  0   0   0]
  [  0   0   0]
  [  0   0   0]
  ...
  [128   0   0]
  [128   0   0]
  [128   0   0]]

 [[  0   0   0]
  [  0   0   0]
  [  0   0   0]
  ...
  [128   0   0]
  [128   0   0]
  [128   0   0]]

 ...

 [[  0   0   0]
  [  0   0   0]
  [  0   0   0]
  ...
  [128   0   0]
  [128   0   0]
  [128   0   0]]

 [[  0   0   0]
  [  0   0   0]
  [  0   0   0]
  ...
  [128   0   0]
  [128   0   0]
  [128   0   0]]

 [[  0   0   0]
  [  0   0   0]
  [  0   0   0]
  ...
  [128   0   0]
  [128   0   0]
  [128   0   0]]]",success,output/raster_comparison_results_256x256\diffs\020_beach-1852945_640_256_diff.jpg
140_birds-4551002_1280_256.png,140_birds-4551002_1280_256.png,inf,1.0,0.0,"[[[  0   0   0]
  [  0   0   0]
  [  0   0   0]
  ...
  [128   0   0]
  [128   0   0]
  [128   0   0]]

 [[  0   0   0]
  [  0   0   0]
  [  0   0   0]
  ...
  [128   0   0]
  [128   0   0]
  [128   0   0]]

 [[  0   0   0]
  [  0   0   0]
  [  0   0   0]
  ...
  [128   0   0]
  [128   0   0]
  [128   0   0]]

 ...

 [[  0   0   0]
  [  0   0   0]
  [  0   0   0]
  ...
  [128   0   0]
  [128   0   0]
  [128   0   0]]

 [[  0   0   0]
  [  0   0   0]
  [  0   0   0]
  ...
  [128   0   0]
  [128   0   0]
  [128   0   0]]

 [[  0   0   0]
  [  0   0   0]
  [  0   0   0]
  ...
  [128   0   0]
  [128   0   0]
  [128   0   0]]]",success,output/raster_comparison_results_256x256\diffs\140_birds-4551002_1280_256_diff.jpg
109_cardinal-1884283_1280_256.png,109_cardinal-1884283_1280_256.png,inf,1.0,0.0,"[[[  0   0   0]
  [  0   0   0]
  [  0   0   0]
  ...
  [128   0   0]
  [128   0   0]
  [128   0   0]]

 [[  0   0   0]
  [  0   0   0]
  [  0   0   0]
  ...
  [128   0   0]
  [128   0   0]
  [128   0   0]]

 [[  0   0   0]
  [  0   0   0]
  [  0   0   0]
  ...
  [128   0   0]
  [128   0   0]
  [128   0   0]]

 ...

 [[  0   0   0]
  [  0   0   0]
  [  0   0   0]
  ...
  [128   0   0]
  [128   0   0]
  [128   0   0]]

 [[  0   0   0]
  [  0   0   0]
  [  0   0   0]
  ...
  [128   0   0]
  [128   0   0]
  [128   0   0]]

 [[  0   0   0]
  [  0   0   0]
  [  0   0   0]
  ...
  [128   0   0]
  [128   0   0]
  [128   0   0]]]",success,output/raster_comparison_results_256x256\diffs\109_cardinal-1884283_1280_256_diff.jpg
001_owl-50267_1280_256.png,001_owl-50267_1280_256.png,inf,1.0,0.0,"[[[  0   0   0]
  [  0   0   0]
  [  0   0   0]
  ...
  [128   0   0]
  [128   0   0]
  [128   0   0]]

 [[  0   0   0]
  [  0   0   0]
  [  0   0   0]
  ...
  [128   0   0]
  [128   0   0]
  [128   0   0]]

 [[  0   0   0]
  [  0   0   0]
  [  0   0   0]
  ...
  [128   0   0]
  [128   0   0]
  [128   0   0]]

 ...

 [[  0   0   0]
  [  0   0   0]
  [  0   0   0]
  ...
  [128   0   0]
  [128   0   0]
  [128   0   0]]

 [[  0   0   0]
  [  0   0   0]
  [  0   0   0]
  ...
  [128   0   0]
  [128   0   0]
  [128   0   0]]

 [[  0   0   0]
  [  0   0   0]
  [  0   0   0]
  ...
  [128   0   0]
  [128   0   0]
  [128   0   0]]]",success,output/raster_comparison_results_256x256\diffs\001_owl-50267_1280_256_diff.jpg
136_halcyon-1352522_1280_256.png,136_halcyon-1352522_1280_256.png,inf,1.0,0.0,"[[[  0   0   0]
  [  0   0   0]
  [  0   0   0]
  ...
  [128   0   0]
  [128   0   0]
  [128   0   0]]

 [[  0   0   0]
  [  0   0   0]
  [  0   0   0]
  ...
  [128   0   0]
  [128   0   0]
  [128   0   0]]

 [[  0   0   0]
  [  0   0   0]
  [  0   0   0]
  ...
  [128   0   0]
  [128   0   0]
  [128   0   0]]

 ...

 [[  0   0   0]
  [  0   0   0]
  [  0   0   0]
  ...
  [128   0   0]
  [128   0   0]
  [128   0   0]]

 [[  0   0   0]
  [  0   0   0]
  [  0   0   0]
  ...
  [128   0   0]
  [128   0   0]
  [128   0   0]]

 [[  0   0   0]
  [  0   0   0]
  [  0   0   0]
  ...
  [128   0   0]
  [128   0   0]
  [128   0   0]]]",success,output/raster_comparison_results_256x256\diffs\136_halcyon-1352522_1280_256_diff.jpg
015_owl-1834152_640_256.png,015_owl-1834152_640_256.png,inf,1.0,0.0,"[[[  0   0   0]
  [  0   0   0]
  [  0   0   0]
  ...
  [128   0   0]
  [128   0   0]
  [128   0   0]]

 [[  0   0   0]
  [  0   0   0]
  [  0   0   0]
  ...
  [128   0   0]
  [128   0   0]
  [128   0   0]]

 [[  0   0   0]
  [  0   0   0]
  [  0   0   0]
  ...
  [128   0   0]
  [128   0   0]
  [128   0   0]]

 ...

 [[  0   0   0]
  [  0   0   0]
  [  0   0   0]
  ...
  [128   0   0]
  [128   0   0]
  [128   0   0]]

 [[  0   0   0]
  [  0   0   0]
  [  0   0   0]
  ...
  [128   0   0]
  [128   0   0]
  [128   0   0]]

 [[  0   0   0]
  [  0   0   0]
  [  0   0   0]
  ...
  [128   0   0]
  [128   0   0]
  [128   0   0]]]",success,output/raster_comparison_results_256x256\diffs\015_owl-1834152_640_256_diff.jpg
032_grey-crowned-cranes-540657_640_256.png,032_grey-crowned-cranes-540657_640_256.png,inf,1.0,0.0,"[[[  0   0   0]
  [  0   0   0]
  [  0   0   0]
  ...
  [128   0   0]
  [128   0   0]
  [128   0   0]]

 [[  0   0   0]
  [  0   0   0]
  [  0   0   0]
  ...
  [128   0   0]
  [128   0   0]
  [128   0   0]]

 [[  0   0   0]
  [  0   0   0]
  [  0   0   0]
  ...
  [128   0   0]
  [128   0   0]
  [128   0   0]]

 ...

 [[  0   0   0]
  [  0   0   0]
  [  0   0   0]
  ...
  [128   0   0]
  [128   0   0]
  [128   0   0]]

 [[  0   0   0]
  [  0   0   0]
  [  0   0   0]
  ...
  [128   0   0]
  [128   0   0]
  [128   0   0]]

 [[  0   0   0]
  [  0   0   0]
  [  0   0   0]
  ...
  [128   0   0]
  [128   0   0]
  [128   0   0]]]",success,output/raster_comparison_results_256x256\diffs\032_grey-crowned-cranes-540657_640_256_diff.jpg
125_owl-3649048_1280_256.png,125_owl-3649048_1280_256.png,inf,1.0,0.0,"[[[  0   0   0]
  [  0   0   0]
  [  0   0   0]
  ...
  [128   0   0]
  [128   0   0]
  [128   0   0]]

 [[  0   0   0]
  [  0   0   0]
  [  0   0   0]
  ...
  [128   0   0]
  [128   0   0]
  [128   0   0]]

 [[  0   0   0]
  [  0   0   0]
  [  0   0   0]
  ...
  [128   0   0]
  [128   0   0]
  [128   0   0]]

 ...

 [[  0   0   0]
  [  0   0   0]
  [  0   0   0]
  ...
  [128   0   0]
  [128   0   0]
  [128   0   0]]

 [[  0   0   0]
  [  0   0   0]
  [  0   0   0]
  ...
  [128   0   0]
  [128   0   0]
  [128   0   0]]

 [[  0   0   0]
  [  0   0   0]
  [  0   0   0]
  ...
  [128   0   0]
  [128   0   0]
  [128   0   0]]]",success,output/raster_comparison_results_256x256\diffs\125_owl-3649048_1280_256_diff.jpg
149_bird-9950_1280_256.png,149_bird-9950_1280_256.png,inf,1.0,0.0,"[[[  0   0   0]
  [  0   0   0]
  [  0   0   0]
  ...
  [128   0   0]
  [128   0   0]
  [128   0   0]]

 [[  0   0   0]
  [  0   0   0]
  [  0   0   0]
  ...
  [128   0   0]
  [128   0   0]
  [128   0   0]]

 [[  0   0   0]
  [  0   0   0]
  [  0   0   0]
  ...
  [128   0   0]
  [128   0   0]
  [128   0   0]]

 ...

 [[  0   0   0]
  [  0   0   0]
  [  0   0   0]
  ...
  [128   0   0]
  [128   0   0]
  [128   0   0]]

 [[  0   0   0]
  [  0   0   0]
  [  0   0   0]
  ...
  [128   0   0]
  [128   0   0]
  [128   0   0]]

 [[  0   0   0]
  [  0   0   0]
  [  0   0   0]
  ...
  [128   0   0]
  [128   0   0]
  [128   0   0]]]",success,output/raster_comparison_results_256x256\diffs\149_bird-9950_1280_256_diff.jpg
171_jay-548381_1280_256.png,171_jay-548381_1280_256.png,inf,1.0,0.0,"[[[  0   0   0]
  [  0   0   0]
  [  0   0   0]
  ...
  [128   0   0]
  [128   0   0]
  [128   0   0]]

 [[  0   0   0]
  [  0   0   0]
  [  0   0   0]
  ...
  [128   0   0]
  [128   0   0]
  [128   0   0]]

 [[  0   0   0]
  [  0   0   0]
  [  0   0   0]
  ...
  [128   0   0]
  [128   0   0]
  [128   0   0]]

 ...

 [[  0   0   0]
  [  0   0   0]
  [  0   0   0]
  ...
  [128   0   0]
  [128   0   0]
  [128   0   0]]

 [[  0   0   0]
  [  0   0   0]
  [  0   0   0]
  ...
  [128   0   0]
  [128   0   0]
  [128   0   0]]

 [[  0   0   0]
  [  0   0   0]
  [  0   0   0]
  ...
  [128   0   0]
  [128   0   0]
  [128   0   0]]]",success,output/raster_comparison_results_256x256\diffs\171_jay-548381_1280_256_diff.jpg
027_bird-386725_640_256.png,027_bird-386725_640_256.png,inf,1.0,0.0,"[[[  0   0   0]
  [  0   0   0]
  [  0   0   0]
  ...
  [128   0   0]
  [128   0   0]
  [128   0   0]]

 [[  0   0   0]
  [  0   0   0]
  [  0   0   0]
  ...
  [128   0   0]
  [128   0   0]
  [128   0   0]]

 [[  0   0   0]
  [  0   0   0]
  [  0   0   0]
  ...
  [128   0   0]
  [128   0   0]
  [128   0   0]]

 ...

 [[  0   0   0]
  [  0   0   0]
  [  0   0   0]
  ...
  [128   0   0]
  [128   0   0]
  [128   0   0]]

 [[  0   0   0]
  [  0   0   0]
  [  0   0   0]
  ...
  [128   0   0]
  [128   0   0]
  [128   0   0]]

 [[  0   0   0]
  [  0   0   0]
  [  0   0   0]
  ...
  [128   0   0]
  [128   0   0]
  [128   0   0]]]",success,output/raster_comparison_results_256x256\diffs\027_bird-386725_640_256_diff.jpg
080_victoria-crowned-pigeon-4486154_640_256.png,080_victoria-crowned-pigeon-4486154_640_256.png,inf,1.0,0.0,"[[[  0   0   0]
  [  0   0   0]
  [  0   0   0]
  ...
  [128   0   0]
  [128   0   0]
  [128   0   0]]

 [[  0   0   0]
  [  0   0   0]
  [  0   0   0]
  ...
  [128   0   0]
  [128   0   0]
  [128   0   0]]

 [[  0   0   0]
  [  0   0   0]
  [  0   0   0]
  ...
  [128   0   0]
  [128   0   0]
  [128   0   0]]

 ...

 [[  0   0   0]
  [  0   0   0]
  [  0   0   0]
  ...
  [128   0   0]
  [128   0   0]
  [128   0   0]]

 [[  0   0   0]
  [  0   0   0]
  [  0   0   0]
  ...
  [128   0   0]
  [128   0   0]
  [128   0   0]]

 [[  0   0   0]
  [  0   0   0]
  [  0   0   0]
  ...
  [128   0   0]
  [128   0   0]
  [128   0   0]]]",success,output/raster_comparison_results_256x256\diffs\080_victoria-crowned-pigeon-4486154_640_256_diff.jpg
016_bird-2295431_640_256.png,016_bird-2295431_640_256.png,inf,1.0,0.0,"[[[  0   0   0]
  [  0   0   0]
  [  0   0   0]
  ...
  [128   0   0]
  [128   0   0]
  [128   0   0]]

 [[  0   0   0]
  [  0   0   0]
  [  0   0   0]
  ...
  [128   0   0]
  [128   0   0]
  [128   0   0]]

 [[  0   0   0]
  [  0   0   0]
  [  0   0   0]
  ...
  [128   0   0]
  [128   0   0]
  [128   0   0]]

 ...

 [[  0   0   0]
  [  0   0   0]
  [  0   0   0]
  ...
  [128   0   0]
  [128   0   0]
  [128   0   0]]

 [[  0   0   0]
  [  0   0   0]
  [  0   0   0]
  ...
  [128   0   0]
  [128   0   0]
  [128   0   0]]

 [[  0   0   0]
  [  0   0   0]
  [  0   0   0]
  ...
  [128   0   0]
  [128   0   0]
  [128   0   0]]]",success,output/raster_comparison_results_256x256\diffs\016_bird-2295431_640_256_diff.jpg
050_sparrows-3434123_640_256.png,050_sparrows-3434123_640_256.png,inf,1.0,0.0,"[[[  0   0   0]
  [  0   0   0]
  [  0   0   0]
  ...
  [128   0   0]
  [128   0   0]
  [128   0   0]]

 [[  0   0   0]
  [  0   0   0]
  [  0   0   0]
  ...
  [128   0   0]
  [128   0   0]
  [128   0   0]]

 [[  0   0   0]
  [  0   0   0]
  [  0   0   0]
  ...
  [128   0   0]
  [128   0   0]
  [128   0   0]]

 ...

 [[  0   0   0]
  [  0   0   0]
  [  0   0   0]
  ...
  [128   0   0]
  [128   0   0]
  [128   0   0]]

 [[  0   0   0]
  [  0   0   0]
  [  0   0   0]
  ...
  [128   0   0]
  [128   0   0]
  [128   0   0]]

 [[  0   0   0]
  [  0   0   0]
  [  0   0   0]
  ...
  [128   0   0]
  [128   0   0]
  [128   0   0]]]",success,output/raster_comparison_results_256x256\diffs\050_sparrows-3434123_640_256_diff.jpg
039_barn-owl-2988291_640_256.png,039_barn-owl-2988291_640_256.png,inf,1.0,0.0,"[[[  0   0   0]
  [  0   0   0]
  [  0   0   0]
  ...
  [128   0   0]
  [128   0   0]
  [128   0   0]]

 [[  0   0   0]
  [  0   0   0]
  [  0   0   0]
  ...
  [128   0   0]
  [128   0   0]
  [128   0   0]]

 [[  0   0   0]
  [  0   0   0]
  [  0   0   0]
  ...
  [128   0   0]
  [128   0   0]
  [128   0   0]]

 ...

 [[  0   0   0]
  [  0   0   0]
  [  0   0   0]
  ...
  [128   0   0]
  [128   0   0]
  [128   0   0]]

 [[  0   0   0]
  [  0   0   0]
  [  0   0   0]
  ...
  [128   0   0]
  [128   0   0]
  [128   0   0]]

 [[  0   0   0]
  [  0   0   0]
  [  0   0   0]
  ...
  [128   0   0]
  [128   0   0]
  [128   0   0]]]",success,output/raster_comparison_results_256x256\diffs\039_barn-owl-2988291_640_256_diff.jpg
116_flamingo-600205_1280_256.png,116_flamingo-600205_1280_256.png,inf,1.0,0.0,"[[[  0   0   0]
  [  0   0   0]
  [  0   0   0]
  ...
  [128   0   0]
  [128   0   0]
  [128   0   0]]

 [[  0   0   0]
  [  0   0   0]
  [  0   0   0]
  ...
  [128   0   0]
  [128   0   0]
  [128   0   0]]

 [[  0   0   0]
  [  0   0   0]
  [  0   0   0]
  ...
  [128   0   0]
  [128   0   0]
  [128   0   0]]

 ...

 [[  0   0   0]
  [  0   0   0]
  [  0   0   0]
  ...
  [128   0   0]
  [128   0   0]
  [128   0   0]]

 [[  0   0   0]
  [  0   0   0]
  [  0   0   0]
  ...
  [128   0   0]
  [128   0   0]
  [128   0   0]]

 [[  0   0   0]
  [  0   0   0]
  [  0   0   0]
  ...
  [128   0   0]
  [128   0   0]
  [128   0   0]]]",success,output/raster_comparison_results_256x256\diffs\116_flamingo-600205_1280_256_diff.jpg
133_peacock-3080897_1280_256.png,133_peacock-3080897_1280_256.png,inf,1.0,0.0,"[[[  0   0   0]
  [  0   0   0]
  [  0   0   0]
  ...
  [128   0   0]
  [128   0   0]
  [128   0   0]]

 [[  0   0   0]
  [  0   0   0]
  [  0   0   0]
  ...
  [128   0   0]
  [128   0   0]
  [128   0   0]]

 [[  0   0   0]
  [  0   0   0]
  [  0   0   0]
  ...
  [128   0   0]
  [128   0   0]
  [128   0   0]]

 ...

 [[  0   0   0]
  [  0   0   0]
  [  0   0   0]
  ...
  [128   0   0]
  [128   0   0]
  [128   0   0]]

 [[  0   0   0]
  [  0   0   0]
  [  0   0   0]
  ...
  [128   0   0]
  [128   0   0]
  [128   0   0]]

 [[  0   0   0]
  [  0   0   0]
  [  0   0   0]
  ...
  [128   0   0]
  [128   0   0]
  [128   0   0]]]",success,output/raster_comparison_results_256x256\diffs\133_peacock-3080897_1280_256_diff.jpg
121_parrot-3601194_1280_256.png,121_parrot-3601194_1280_256.png,inf,1.0,0.0,"[[[  0   0   0]
  [  0   0   0]
  [  0   0   0]
  ...
  [128   0   0]
  [128   0   0]
  [128   0   0]]

 [[  0   0   0]
  [  0   0   0]
  [  0   0   0]
  ...
  [128   0   0]
  [128   0   0]
  [128   0   0]]

 [[  0   0   0]
  [  0   0   0]
  [  0   0   0]
  ...
  [128   0   0]
  [128   0   0]
  [128   0   0]]

 ...

 [[  0   0   0]
  [  0   0   0]
  [  0   0   0]
  ...
  [128   0   0]
  [128   0   0]
  [128   0   0]]

 [[  0   0   0]
  [  0   0   0]
  [  0   0   0]
  ...
  [128   0   0]
  [128   0   0]
  [128   0   0]]

 [[  0   0   0]
  [  0   0   0]
  [  0   0   0]
  ...
  [128   0   0]
  [128   0   0]
  [128   0   0]]]",success,output/raster_comparison_results_256x256\diffs\121_parrot-3601194_1280_256_diff.jpg
045_seagulls-815304_640_256.png,045_seagulls-815304_640_256.png,inf,1.0,0.0,"[[[  0   0   0]
  [  0   0   0]
  [  0   0   0]
  ...
  [128   0   0]
  [128   0   0]
  [128   0   0]]

 [[  0   0   0]
  [  0   0   0]
  [  0   0   0]
  ...
  [128   0   0]
  [128   0   0]
  [128   0   0]]

 [[  0   0   0]
  [  0   0   0]
  [  0   0   0]
  ...
  [128   0   0]
  [128   0   0]
  [128   0   0]]

 ...

 [[  0   0   0]
  [  0   0   0]
  [  0   0   0]
  ...
  [128   0   0]
  [128   0   0]
  [128   0   0]]

 [[  0   0   0]
  [  0   0   0]
  [  0   0   0]
  ...
  [128   0   0]
  [128   0   0]
  [128   0   0]]

 [[  0   0   0]
  [  0   0   0]
  [  0   0   0]
  ...
  [128   0   0]
  [128   0   0]
  [128   0   0]]]",success,output/raster_comparison_results_256x256\diffs\045_seagulls-815304_640_256_diff.jpg
167_beach-1852945_1280_256.png,167_beach-1852945_1280_256.png,inf,1.0,0.0,"[[[  0   0   0]
  [  0   0   0]
  [  0   0   0]
  ...
  [128   0   0]
  [128   0   0]
  [128   0   0]]

 [[  0   0   0]
  [  0   0   0]
  [  0   0   0]
  ...
  [128   0   0]
  [128   0   0]
  [128   0   0]]

 [[  0   0   0]
  [  0   0   0]
  [  0   0   0]
  ...
  [128   0   0]
  [128   0   0]
  [128   0   0]]

 ...

 [[  0   0   0]
  [  0   0   0]
  [  0   0   0]
  ...
  [128   0   0]
  [128   0   0]
  [128   0   0]]

 [[  0   0   0]
  [  0   0   0]
  [  0   0   0]
  ...
  [128   0   0]
  [128   0   0]
  [128   0   0]]

 [[  0   0   0]
  [  0   0   0]
  [  0   0   0]
  ...
  [128   0   0]
  [128   0   0]
  [128   0   0]]]",success,output/raster_comparison_results_256x256\diffs\167_beach-1852945_1280_256_diff.jpg
003_parrot-3601194_640_256.png,003_parrot-3601194_640_256.png,inf,1.0,0.0,"[[[  0   0   0]
  [  0   0   0]
  [  0   0   0]
  ...
  [128   0   0]
  [128   0   0]
  [128   0   0]]

 [[  0   0   0]
  [  0   0   0]
  [  0   0   0]
  ...
  [128   0   0]
  [128   0   0]
  [128   0   0]]

 [[  0   0   0]
  [  0   0   0]
  [  0   0   0]
  ...
  [128   0   0]
  [128   0   0]
  [128   0   0]]

 ...

 [[  0   0   0]
  [  0   0   0]
  [  0   0   0]
  ...
  [128   0   0]
  [128   0   0]
  [128   0   0]]

 [[  0   0   0]
  [  0   0   0]
  [  0   0   0]
  ...
  [128   0   0]
  [128   0   0]
  [128   0   0]]

 [[  0   0   0]
  [  0   0   0]
  [  0   0   0]
  ...
  [128   0   0]
  [128   0   0]
  [128   0   0]]]",success,output/raster_comparison_results_256x256\diffs\003_parrot-3601194_640_256_diff.jpg
106_bird-3732867_1280_256.png,106_bird-3732867_1280_256.png,inf,1.0,0.0,"[[[  0   0   0]
  [  0   0   0]
  [  0   0   0]
  ...
  [128   0   0]
  [128   0   0]
  [128   0   0]]

 [[  0   0   0]
  [  0   0   0]
  [  0   0   0]
  ...
  [128   0   0]
  [128   0   0]
  [128   0   0]]

 [[  0   0   0]
  [  0   0   0]
  [  0   0   0]
  ...
  [128   0   0]
  [128   0   0]
  [128   0   0]]

 ...

 [[  0   0   0]
  [  0   0   0]
  [  0   0   0]
  ...
  [128   0   0]
  [128   0   0]
  [128   0   0]]

 [[  0   0   0]
  [  0   0   0]
  [  0   0   0]
  ...
  [128   0   0]
  [128   0   0]
  [128   0   0]]

 [[  0   0   0]
  [  0   0   0]
  [  0   0   0]
  ...
  [128   0   0]
  [128   0   0]
  [128   0   0]]]",success,output/raster_comparison_results_256x256\diffs\106_bird-3732867_1280_256_diff.jpg
056_chaffinch-1420407_640_256.png,056_chaffinch-1420407_640_256.png,inf,1.0,0.0,"[[[  0   0   0]
  [  0   0   0]
  [  0   0   0]
  ...
  [128   0   0]
  [128   0   0]
  [128   0   0]]

 [[  0   0   0]
  [  0   0   0]
  [  0   0   0]
  ...
  [128   0   0]
  [128   0   0]
  [128   0   0]]

 [[  0   0   0]
  [  0   0   0]
  [  0   0   0]
  ...
  [128   0   0]
  [128   0   0]
  [128   0   0]]

 ...

 [[  0   0   0]
  [  0   0   0]
  [  0   0   0]
  ...
  [128   0   0]
  [128   0   0]
  [128   0   0]]

 [[  0   0   0]
  [  0   0   0]
  [  0   0   0]
  ...
  [128   0   0]
  [128   0   0]
  [128   0   0]]

 [[  0   0   0]
  [  0   0   0]
  [  0   0   0]
  ...
  [128   0   0]
  [128   0   0]
  [128   0   0]]]",success,output/raster_comparison_results_256x256\diffs\056_chaffinch-1420407_640_256_diff.jpg
164_parrots-3427188_1280_256.png,164_parrots-3427188_1280_256.png,inf,1.0,0.0,"[[[  0   0   0]
  [  0   0   0]
  [  0   0   0]
  ...
  [128   0   0]
  [128   0   0]
  [128   0   0]]

 [[  0   0   0]
  [  0   0   0]
  [  0   0   0]
  ...
  [128   0   0]
  [128   0   0]
  [128   0   0]]

 [[  0   0   0]
  [  0   0   0]
  [  0   0   0]
  ...
  [128   0   0]
  [128   0   0]
  [128   0   0]]

 ...

 [[  0   0   0]
  [  0   0   0]
  [  0   0   0]
  ...
  [128   0   0]
  [128   0   0]
  [128   0   0]]

 [[  0   0   0]
  [  0   0   0]
  [  0   0   0]
  ...
  [128   0   0]
  [128   0   0]
  [128   0   0]]

 [[  0   0   0]
  [  0   0   0]
  [  0   0   0]
  ...
  [128   0   0]
  [128   0   0]
  [128   0   0]]]",success,output/raster_comparison_results_256x256\diffs\164_parrots-3427188_1280_256_diff.jpg
119_bird-386725_1280_256.png,119_bird-386725_1280_256.png,inf,1.0,0.0,"[[[  0   0   0]
  [  0   0   0]
  [  0   0   0]
  ...
  [128   0   0]
  [128   0   0]
  [128   0   0]]

 [[  0   0   0]
  [  0   0   0]
  [  0   0   0]
  ...
  [128   0   0]
  [128   0   0]
  [128   0   0]]

 [[  0   0   0]
  [  0   0   0]
  [  0   0   0]
  ...
  [128   0   0]
  [128   0   0]
  [128   0   0]]

 ...

 [[  0   0   0]
  [  0   0   0]
  [  0   0   0]
  ...
  [128   0   0]
  [128   0   0]
  [128   0   0]]

 [[  0   0   0]
  [  0   0   0]
  [  0   0   0]
  ...
  [128   0   0]
  [128   0   0]
  [128   0   0]]

 [[  0   0   0]
  [  0   0   0]
  [  0   0   0]
  ...
  [128   0   0]
  [128   0   0]
  [128   0   0]]]",success,output/raster_comparison_results_256x256\diffs\119_bird-386725_1280_256_diff.jpg
042_bird-341898_640_256.png,042_bird-341898_640_256.png,inf,1.0,0.0,"[[[  0   0   0]
  [  0   0   0]
  [  0   0   0]
  ...
  [128   0   0]
  [128   0   0]
  [128   0   0]]

 [[  0   0   0]
  [  0   0   0]
  [  0   0   0]
  ...
  [128   0   0]
  [128   0   0]
  [128   0   0]]

 [[  0   0   0]
  [  0   0   0]
  [  0   0   0]
  ...
  [128   0   0]
  [128   0   0]
  [128   0   0]]

 ...

 [[  0   0   0]
  [  0   0   0]
  [  0   0   0]
  ...
  [128   0   0]
  [128   0   0]
  [128   0   0]]

 [[  0   0   0]
  [  0   0   0]
  [  0   0   0]
  ...
  [128   0   0]
  [128   0   0]
  [128   0   0]]

 [[  0   0   0]
  [  0   0   0]
  [  0   0   0]
  ...
  [128   0   0]
  [128   0   0]
  [128   0   0]]]",success,output/raster_comparison_results_256x256\diffs\042_bird-341898_640_256_diff.jpg
011_swan-2350668_640_256.png,011_swan-2350668_640_256.png,inf,1.0,0.0,"[[[  0   0   0]
  [  0   0   0]
  [  0   0   0]
  ...
  [128   0   0]
  [128   0   0]
  [128   0   0]]

 [[  0   0   0]
  [  0   0   0]
  [  0   0   0]
  ...
  [128   0   0]
  [128   0   0]
  [128   0   0]]

 [[  0   0   0]
  [  0   0   0]
  [  0   0   0]
  ...
  [128   0   0]
  [128   0   0]
  [128   0   0]]

 ...

 [[  0   0   0]
  [  0   0   0]
  [  0   0   0]
  ...
  [128   0   0]
  [128   0   0]
  [128   0   0]]

 [[  0   0   0]
  [  0   0   0]
  [  0   0   0]
  ...
  [128   0   0]
  [128   0   0]
  [128   0   0]]

 [[  0   0   0]
  [  0   0   0]
  [  0   0   0]
  ...
  [128   0   0]
  [128   0   0]
  [128   0   0]]]",success,output/raster_comparison_results_256x256\diffs\011_swan-2350668_640_256_diff.jpg
065_eagle-1753002_640_256.png,065_eagle-1753002_640_256.png,inf,1.0,0.0,"[[[  0   0   0]
  [  0   0   0]
  [  0   0   0]
  ...
  [128   0   0]
  [128   0   0]
  [128   0   0]]

 [[  0   0   0]
  [  0   0   0]
  [  0   0   0]
  ...
  [128   0   0]
  [128   0   0]
  [128   0   0]]

 [[  0   0   0]
  [  0   0   0]
  [  0   0   0]
  ...
  [128   0   0]
  [128   0   0]
  [128   0   0]]

 ...

 [[  0   0   0]
  [  0   0   0]
  [  0   0   0]
  ...
  [128   0   0]
  [128   0   0]
  [128   0   0]]

 [[  0   0   0]
  [  0   0   0]
  [  0   0   0]
  ...
  [128   0   0]
  [128   0   0]
  [128   0   0]]

 [[  0   0   0]
  [  0   0   0]
  [  0   0   0]
  ...
  [128   0   0]
  [128   0   0]
  [128   0   0]]]",success,output/raster_comparison_results_256x256\diffs\065_eagle-1753002_640_256_diff.jpg
085_gulls-370012_640_256.png,085_gulls-370012_640_256.png,inf,1.0,0.0,"[[[  0   0   0]
  [  0   0   0]
  [  0   0   0]
  ...
  [128   0   0]
  [128   0   0]
  [128   0   0]]

 [[  0   0   0]
  [  0   0   0]
  [  0   0   0]
  ...
  [128   0   0]
  [128   0   0]
  [128   0   0]]

 [[  0   0   0]
  [  0   0   0]
  [  0   0   0]
  ...
  [128   0   0]
  [128   0   0]
  [128   0   0]]

 ...

 [[  0   0   0]
  [  0   0   0]
  [  0   0   0]
  ...
  [128   0   0]
  [128   0   0]
  [128   0   0]]

 [[  0   0   0]
  [  0   0   0]
  [  0   0   0]
  ...
  [128   0   0]
  [128   0   0]
  [128   0   0]]

 [[  0   0   0]
  [  0   0   0]
  [  0   0   0]
  ...
  [128   0   0]
  [128   0   0]
  [128   0   0]]]",success,output/raster_comparison_results_256x256\diffs\085_gulls-370012_640_256_diff.jpg
112_peacock-90051_1280_256.png,112_peacock-90051_1280_256.png,inf,1.0,0.0,"[[[  0   0   0]
  [  0   0   0]
  [  0   0   0]
  ...
  [128   0   0]
  [128   0   0]
  [128   0   0]]

 [[  0   0   0]
  [  0   0   0]
  [  0   0   0]
  ...
  [128   0   0]
  [128   0   0]
  [128   0   0]]

 [[  0   0   0]
  [  0   0   0]
  [  0   0   0]
  ...
  [128   0   0]
  [128   0   0]
  [128   0   0]]

 ...

 [[  0   0   0]
  [  0   0   0]
  [  0   0   0]
  ...
  [128   0   0]
  [128   0   0]
  [128   0   0]]

 [[  0   0   0]
  [  0   0   0]
  [  0   0   0]
  ...
  [128   0   0]
  [128   0   0]
  [128   0   0]]

 [[  0   0   0]
  [  0   0   0]
  [  0   0   0]
  ...
  [128   0   0]
  [128   0   0]
  [128   0   0]]]",success,output/raster_comparison_results_256x256\diffs\112_peacock-90051_1280_256_diff.jpg
036_bald-eagle-2715461_640_256.png,036_bald-eagle-2715461_640_256.png,inf,1.0,0.0,"[[[  0   0   0]
  [  0   0   0]
  [  0   0   0]
  ...
  [128   0   0]
  [128   0   0]
  [128   0   0]]

 [[  0   0   0]
  [  0   0   0]
  [  0   0   0]
  ...
  [128   0   0]
  [128   0   0]
  [128   0   0]]

 [[  0   0   0]
  [  0   0   0]
  [  0   0   0]
  ...
  [128   0   0]
  [128   0   0]
  [128   0   0]]

 ...

 [[  0   0   0]
  [  0   0   0]
  [  0   0   0]
  ...
  [128   0   0]
  [128   0   0]
  [128   0   0]]

 [[  0   0   0]
  [  0   0   0]
  [  0   0   0]
  ...
  [128   0   0]
  [128   0   0]
  [128   0   0]]

 [[  0   0   0]
  [  0   0   0]
  [  0   0   0]
  ...
  [128   0   0]
  [128   0   0]
  [128   0   0]]]",success,output/raster_comparison_results_256x256\diffs\036_bald-eagle-2715461_640_256_diff.jpg
031_swan-4013225_640_256.png,031_swan-4013225_640_256.png,inf,1.0,0.0,"[[[  0   0   0]
  [  0   0   0]
  [  0   0   0]
  ...
  [128   0   0]
  [128   0   0]
  [128   0   0]]

 [[  0   0   0]
  [  0   0   0]
  [  0   0   0]
  ...
  [128   0   0]
  [128   0   0]
  [128   0   0]]

 [[  0   0   0]
  [  0   0   0]
  [  0   0   0]
  ...
  [128   0   0]
  [128   0   0]
  [128   0   0]]

 ...

 [[  0   0   0]
  [  0   0   0]
  [  0   0   0]
  ...
  [128   0   0]
  [128   0   0]
  [128   0   0]]

 [[  0   0   0]
  [  0   0   0]
  [  0   0   0]
  ...
  [128   0   0]
  [128   0   0]
  [128   0   0]]

 [[  0   0   0]
  [  0   0   0]
  [  0   0   0]
  ...
  [128   0   0]
  [128   0   0]
  [128   0   0]]]",success,output/raster_comparison_results_256x256\diffs\031_swan-4013225_640_256_diff.jpg
123_swan-2350668_1280_256.png,123_swan-2350668_1280_256.png,inf,1.0,0.0,"[[[  0   0   0]
  [  0   0   0]
  [  0   0   0]
  ...
  [128   0   0]
  [128   0   0]
  [128   0   0]]

 [[  0   0   0]
  [  0   0   0]
  [  0   0   0]
  ...
  [128   0   0]
  [128   0   0]
  [128   0   0]]

 [[  0   0   0]
  [  0   0   0]
  [  0   0   0]
  ...
  [128   0   0]
  [128   0   0]
  [128   0   0]]

 ...

 [[  0   0   0]
  [  0   0   0]
  [  0   0   0]
  ...
  [128   0   0]
  [128   0   0]
  [128   0   0]]

 [[  0   0   0]
  [  0   0   0]
  [  0   0   0]
  ...
  [128   0   0]
  [128   0   0]
  [128   0   0]]

 [[  0   0   0]
  [  0   0   0]
  [  0   0   0]
  ...
  [128   0   0]
  [128   0   0]
  [128   0   0]]]",success,output/raster_comparison_results_256x256\diffs\123_swan-2350668_1280_256_diff.jpg
145_owl-1576572_1280_256.png,145_owl-1576572_1280_256.png,inf,1.0,0.0,"[[[  0   0   0]
  [  0   0   0]
  [  0   0   0]
  ...
  [128   0   0]
  [128   0   0]
  [128   0   0]]

 [[  0   0   0]
  [  0   0   0]
  [  0   0   0]
  ...
  [128   0   0]
  [128   0   0]
  [128   0   0]]

 [[  0   0   0]
  [  0   0   0]
  [  0   0   0]
  ...
  [128   0   0]
  [128   0   0]
  [128   0   0]]

 ...

 [[  0   0   0]
  [  0   0   0]
  [  0   0   0]
  ...
  [128   0   0]
  [128   0   0]
  [128   0   0]]

 [[  0   0   0]
  [  0   0   0]
  [  0   0   0]
  ...
  [128   0   0]
  [128   0   0]
  [128   0   0]]

 [[  0   0   0]
  [  0   0   0]
  [  0   0   0]
  ...
  [128   0   0]
  [128   0   0]
  [128   0   0]]]",success,output/raster_comparison_results_256x256\diffs\145_owl-1576572_1280_256_diff.jpg
113_sparrows-3434123_1280_256.png,113_sparrows-3434123_1280_256.png,inf,1.0,0.0,"[[[  0   0   0]
  [  0   0   0]
  [  0   0   0]
  ...
  [128   0   0]
  [128   0   0]
  [128   0   0]]

 [[  0   0   0]
  [  0   0   0]
  [  0   0   0]
  ...
  [128   0   0]
  [128   0   0]
  [128   0   0]]

 [[  0   0   0]
  [  0   0   0]
  [  0   0   0]
  ...
  [128   0   0]
  [128   0   0]
  [128   0   0]]

 ...

 [[  0   0   0]
  [  0   0   0]
  [  0   0   0]
  ...
  [128   0   0]
  [128   0   0]
  [128   0   0]]

 [[  0   0   0]
  [  0   0   0]
  [  0   0   0]
  ...
  [128   0   0]
  [128   0   0]
  [128   0   0]]

 [[  0   0   0]
  [  0   0   0]
  [  0   0   0]
  ...
  [128   0   0]
  [128   0   0]
  [128   0   0]]]",success,output/raster_comparison_results_256x256\diffs\113_sparrows-3434123_1280_256_diff.jpg
160_eagle-1072696_1280_256.png,160_eagle-1072696_1280_256.png,inf,1.0,0.0,"[[[  0   0   0]
  [  0   0   0]
  [  0   0   0]
  ...
  [128   0   0]
  [128   0   0]
  [128   0   0]]

 [[  0   0   0]
  [  0   0   0]
  [  0   0   0]
  ...
  [128   0   0]
  [128   0   0]
  [128   0   0]]

 [[  0   0   0]
  [  0   0   0]
  [  0   0   0]
  ...
  [128   0   0]
  [128   0   0]
  [128   0   0]]

 ...

 [[  0   0   0]
  [  0   0   0]
  [  0   0   0]
  ...
  [128   0   0]
  [128   0   0]
  [128   0   0]]

 [[  0   0   0]
  [  0   0   0]
  [  0   0   0]
  ...
  [128   0   0]
  [128   0   0]
  [128   0   0]]

 [[  0   0   0]
  [  0   0   0]
  [  0   0   0]
  ...
  [128   0   0]
  [128   0   0]
  [128   0   0]]]",success,output/raster_comparison_results_256x256\diffs\160_eagle-1072696_1280_256_diff.jpg
163_bird-4051412_1280_256.png,163_bird-4051412_1280_256.png,inf,1.0,0.0,"[[[  0   0   0]
  [  0   0   0]
  [  0   0   0]
  ...
  [128   0   0]
  [128   0   0]
  [128   0   0]]

 [[  0   0   0]
  [  0   0   0]
  [  0   0   0]
  ...
  [128   0   0]
  [128   0   0]
  [128   0   0]]

 [[  0   0   0]
  [  0   0   0]
  [  0   0   0]
  ...
  [128   0   0]
  [128   0   0]
  [128   0   0]]

 ...

 [[  0   0   0]
  [  0   0   0]
  [  0   0   0]
  ...
  [128   0   0]
  [128   0   0]
  [128   0   0]]

 [[  0   0   0]
  [  0   0   0]
  [  0   0   0]
  ...
  [128   0   0]
  [128   0   0]
  [128   0   0]]

 [[  0   0   0]
  [  0   0   0]
  [  0   0   0]
  ...
  [128   0   0]
  [128   0   0]
  [128   0   0]]]",success,output/raster_comparison_results_256x256\diffs\163_bird-4051412_1280_256_diff.jpg
117_plumage-176723_1280_256.png,117_plumage-176723_1280_256.png,inf,1.0,0.0,"[[[  0   0   0]
  [  0   0   0]
  [  0   0   0]
  ...
  [128   0   0]
  [128   0   0]
  [128   0   0]]

 [[  0   0   0]
  [  0   0   0]
  [  0   0   0]
  ...
  [128   0   0]
  [128   0   0]
  [128   0   0]]

 [[  0   0   0]
  [  0   0   0]
  [  0   0   0]
  ...
  [128   0   0]
  [128   0   0]
  [128   0   0]]

 ...

 [[  0   0   0]
  [  0   0   0]
  [  0   0   0]
  ...
  [128   0   0]
  [128   0   0]
  [128   0   0]]

 [[  0   0   0]
  [  0   0   0]
  [  0   0   0]
  ...
  [128   0   0]
  [128   0   0]
  [128   0   0]]

 [[  0   0   0]
  [  0   0   0]
  [  0   0   0]
  ...
  [128   0   0]
  [128   0   0]
  [128   0   0]]]",success,output/raster_comparison_results_256x256\diffs\117_plumage-176723_1280_256_diff.jpg
150_grey-crowned-cranes-540657_1280_256.png,150_grey-crowned-cranes-540657_1280_256.png,inf,1.0,0.0,"[[[  0   0   0]
  [  0   0   0]
  [  0   0   0]
  ...
  [128   0   0]
  [128   0   0]
  [128   0   0]]

 [[  0   0   0]
  [  0   0   0]
  [  0   0   0]
  ...
  [128   0   0]
  [128   0   0]
  [128   0   0]]

 [[  0   0   0]
  [  0   0   0]
  [  0   0   0]
  ...
  [128   0   0]
  [128   0   0]
  [128   0   0]]

 ...

 [[  0   0   0]
  [  0   0   0]
  [  0   0   0]
  ...
  [128   0   0]
  [128   0   0]
  [128   0   0]]

 [[  0   0   0]
  [  0   0   0]
  [  0   0   0]
  ...
  [128   0   0]
  [128   0   0]
  [128   0   0]]

 [[  0   0   0]
  [  0   0   0]
  [  0   0   0]
  ...
  [128   0   0]
  [128   0   0]
  [128   0   0]]]",success,output/raster_comparison_results_256x256\diffs\150_grey-crowned-cranes-540657_1280_256_diff.jpg
137_eagle-2045655_1280_256.png,137_eagle-2045655_1280_256.png,inf,1.0,0.0,"[[[  0   0   0]
  [  0   0   0]
  [  0   0   0]
  ...
  [128   0   0]
  [128   0   0]
  [128   0   0]]

 [[  0   0   0]
  [  0   0   0]
  [  0   0   0]
  ...
  [128   0   0]
  [128   0   0]
  [128   0   0]]

 [[  0   0   0]
  [  0   0   0]
  [  0   0   0]
  ...
  [128   0   0]
  [128   0   0]
  [128   0   0]]

 ...

 [[  0   0   0]
  [  0   0   0]
  [  0   0   0]
  ...
  [128   0   0]
  [128   0   0]
  [128   0   0]]

 [[  0   0   0]
  [  0   0   0]
  [  0   0   0]
  ...
  [128   0   0]
  [128   0   0]
  [128   0   0]]

 [[  0   0   0]
  [  0   0   0]
  [  0   0   0]
  ...
  [128   0   0]
  [128   0   0]
  [128   0   0]]]",success,output/raster_comparison_results_256x256\diffs\137_eagle-2045655_1280_256_diff.jpg
006_bird-1905255_640_256.png,006_bird-1905255_640_256.png,inf,1.0,0.0,"[[[  0   0   0]
  [  0   0   0]
  [  0   0   0]
  ...
  [128   0   0]
  [128   0   0]
  [128   0   0]]

 [[  0   0   0]
  [  0   0   0]
  [  0   0   0]
  ...
  [128   0   0]
  [128   0   0]
  [128   0   0]]

 [[  0   0   0]
  [  0   0   0]
  [  0   0   0]
  ...
  [128   0   0]
  [128   0   0]
  [128   0   0]]

 ...

 [[  0   0   0]
  [  0   0   0]
  [  0   0   0]
  ...
  [128   0   0]
  [128   0   0]
  [128   0   0]]

 [[  0   0   0]
  [  0   0   0]
  [  0   0   0]
  ...
  [128   0   0]
  [128   0   0]
  [128   0   0]]

 [[  0   0   0]
  [  0   0   0]
  [  0   0   0]
  ...
  [128   0   0]
  [128   0   0]
  [128   0   0]]]",success,output/raster_comparison_results_256x256\diffs\006_bird-1905255_640_256_diff.jpg
186_gulls-370012_1280_256.png,186_gulls-370012_1280_256.png,inf,1.0,0.0,"[[[  0   0   0]
  [  0   0   0]
  [  0   0   0]
  ...
  [128   0   0]
  [128   0   0]
  [128   0   0]]

 [[  0   0   0]
  [  0   0   0]
  [  0   0   0]
  ...
  [128   0   0]
  [128   0   0]
  [128   0   0]]

 [[  0   0   0]
  [  0   0   0]
  [  0   0   0]
  ...
  [128   0   0]
  [128   0   0]
  [128   0   0]]

 ...

 [[  0   0   0]
  [  0   0   0]
  [  0   0   0]
  ...
  [128   0   0]
  [128   0   0]
  [128   0   0]]

 [[  0   0   0]
  [  0   0   0]
  [  0   0   0]
  ...
  [128   0   0]
  [128   0   0]
  [128   0   0]]

 [[  0   0   0]
  [  0   0   0]
  [  0   0   0]
  ...
  [128   0   0]
  [128   0   0]
  [128   0   0]]]",success,output/raster_comparison_results_256x256\diffs\186_gulls-370012_1280_256_diff.jpg
072_parrots-3427188_640_256.png,072_parrots-3427188_640_256.png,inf,1.0,0.0,"[[[  0   0   0]
  [  0   0   0]
  [  0   0   0]
  ...
  [128   0   0]
  [128   0   0]
  [128   0   0]]

 [[  0   0   0]
  [  0   0   0]
  [  0   0   0]
  ...
  [128   0   0]
  [128   0   0]
  [128   0   0]]

 [[  0   0   0]
  [  0   0   0]
  [  0   0   0]
  ...
  [128   0   0]
  [128   0   0]
  [128   0   0]]

 ...

 [[  0   0   0]
  [  0   0   0]
  [  0   0   0]
  ...
  [128   0   0]
  [128   0   0]
  [128   0   0]]

 [[  0   0   0]
  [  0   0   0]
  [  0   0   0]
  ...
  [128   0   0]
  [128   0   0]
  [128   0   0]]

 [[  0   0   0]
  [  0   0   0]
  [  0   0   0]
  ...
  [128   0   0]
  [128   0   0]
  [128   0   0]]]",success,output/raster_comparison_results_256x256\diffs\072_parrots-3427188_640_256_diff.jpg
185_hummingbird-5111260_1280_256.png,185_hummingbird-5111260_1280_256.png,inf,1.0,0.0,"[[[  0   0   0]
  [  0   0   0]
  [  0   0   0]
  ...
  [128   0   0]
  [128   0   0]
  [128   0   0]]

 [[  0   0   0]
  [  0   0   0]
  [  0   0   0]
  ...
  [128   0   0]
  [128   0   0]
  [128   0   0]]

 [[  0   0   0]
  [  0   0   0]
  [  0   0   0]
  ...
  [128   0   0]
  [128   0   0]
  [128   0   0]]

 ...

 [[  0   0   0]
  [  0   0   0]
  [  0   0   0]
  ...
  [128   0   0]
  [128   0   0]
  [128   0   0]]

 [[  0   0   0]
  [  0   0   0]
  [  0   0   0]
  ...
  [128   0   0]
  [128   0   0]
  [128   0   0]]

 [[  0   0   0]
  [  0   0   0]
  [  0   0   0]
  ...
  [128   0   0]
  [128   0   0]
  [128   0   0]]]",success,output/raster_comparison_results_256x256\diffs\185_hummingbird-5111260_1280_256_diff.jpg
101_kingfisher-881594_1280_256.png,101_kingfisher-881594_1280_256.png,inf,1.0,0.0,"[[[  0   0   0]
  [  0   0   0]
  [  0   0   0]
  ...
  [128   0   0]
  [128   0   0]
  [128   0   0]]

 [[  0   0   0]
  [  0   0   0]
  [  0   0   0]
  ...
  [128   0   0]
  [128   0   0]
  [128   0   0]]

 [[  0   0   0]
  [  0   0   0]
  [  0   0   0]
  ...
  [128   0   0]
  [128   0   0]
  [128   0   0]]

 ...

 [[  0   0   0]
  [  0   0   0]
  [  0   0   0]
  ...
  [128   0   0]
  [128   0   0]
  [128   0   0]]

 [[  0   0   0]
  [  0   0   0]
  [  0   0   0]
  ...
  [128   0   0]
  [128   0   0]
  [128   0   0]]

 [[  0   0   0]
  [  0   0   0]
  [  0   0   0]
  ...
  [128   0   0]
  [128   0   0]
  [128   0   0]]]",success,output/raster_comparison_results_256x256\diffs\101_kingfisher-881594_1280_256_diff.jpg
005_bird-1045954_640_256.png,005_bird-1045954_640_256.png,inf,1.0,0.0,"[[[  0   0   0]
  [  0   0   0]
  [  0   0   0]
  ...
  [128   0   0]
  [128   0   0]
  [128   0   0]]

 [[  0   0   0]
  [  0   0   0]
  [  0   0   0]
  ...
  [128   0   0]
  [128   0   0]
  [128   0   0]]

 [[  0   0   0]
  [  0   0   0]
  [  0   0   0]
  ...
  [128   0   0]
  [128   0   0]
  [128   0   0]]

 ...

 [[  0   0   0]
  [  0   0   0]
  [  0   0   0]
  ...
  [128   0   0]
  [128   0   0]
  [128   0   0]]

 [[  0   0   0]
  [  0   0   0]
  [  0   0   0]
  ...
  [128   0   0]
  [128   0   0]
  [128   0   0]]

 [[  0   0   0]
  [  0   0   0]
  [  0   0   0]
  ...
  [128   0   0]
  [128   0   0]
  [128   0   0]]]",success,output/raster_comparison_results_256x256\diffs\005_bird-1045954_640_256_diff.jpg
047_winter-843578_640_256.png,047_winter-843578_640_256.png,inf,1.0,0.0,"[[[  0   0   0]
  [  0   0   0]
  [  0   0   0]
  ...
  [128   0   0]
  [128   0   0]
  [128   0   0]]

 [[  0   0   0]
  [  0   0   0]
  [  0   0   0]
  ...
  [128   0   0]
  [128   0   0]
  [128   0   0]]

 [[  0   0   0]
  [  0   0   0]
  [  0   0   0]
  ...
  [128   0   0]
  [128   0   0]
  [128   0   0]]

 ...

 [[  0   0   0]
  [  0   0   0]
  [  0   0   0]
  ...
  [128   0   0]
  [128   0   0]
  [128   0   0]]

 [[  0   0   0]
  [  0   0   0]
  [  0   0   0]
  ...
  [128   0   0]
  [128   0   0]
  [128   0   0]]

 [[  0   0   0]
  [  0   0   0]
  [  0   0   0]
  ...
  [128   0   0]
  [128   0   0]
  [128   0   0]]]",success,output/raster_comparison_results_256x256\diffs\047_winter-843578_640_256_diff.jpg
108_kingfisher-881975_1280_256.png,108_kingfisher-881975_1280_256.png,inf,1.0,0.0,"[[[  0   0   0]
  [  0   0   0]
  [  0   0   0]
  ...
  [128   0   0]
  [128   0   0]
  [128   0   0]]

 [[  0   0   0]
  [  0   0   0]
  [  0   0   0]
  ...
  [128   0   0]
  [128   0   0]
  [128   0   0]]

 [[  0   0   0]
  [  0   0   0]
  [  0   0   0]
  ...
  [128   0   0]
  [128   0   0]
  [128   0   0]]

 ...

 [[  0   0   0]
  [  0   0   0]
  [  0   0   0]
  ...
  [128   0   0]
  [128   0   0]
  [128   0   0]]

 [[  0   0   0]
  [  0   0   0]
  [  0   0   0]
  ...
  [128   0   0]
  [128   0   0]
  [128   0   0]]

 [[  0   0   0]
  [  0   0   0]
  [  0   0   0]
  ...
  [128   0   0]
  [128   0   0]
  [128   0   0]]]",success,output/raster_comparison_results_256x256\diffs\108_kingfisher-881975_1280_256_diff.jpg
165_bird-2823767_1280_256.png,165_bird-2823767_1280_256.png,inf,1.0,0.0,"[[[  0   0   0]
  [  0   0   0]
  [  0   0   0]
  ...
  [128   0   0]
  [128   0   0]
  [128   0   0]]

 [[  0   0   0]
  [  0   0   0]
  [  0   0   0]
  ...
  [128   0   0]
  [128   0   0]
  [128   0   0]]

 [[  0   0   0]
  [  0   0   0]
  [  0   0   0]
  ...
  [128   0   0]
  [128   0   0]
  [128   0   0]]

 ...

 [[  0   0   0]
  [  0   0   0]
  [  0   0   0]
  ...
  [128   0   0]
  [128   0   0]
  [128   0   0]]

 [[  0   0   0]
  [  0   0   0]
  [  0   0   0]
  ...
  [128   0   0]
  [128   0   0]
  [128   0   0]]

 [[  0   0   0]
  [  0   0   0]
  [  0   0   0]
  ...
  [128   0   0]
  [128   0   0]
  [128   0   0]]]",success,output/raster_comparison_results_256x256\diffs\165_bird-2823767_1280_256_diff.jpg
