original,processed,psnr,ssim,mse,diff_vis,status,diff_path
017_hummingbird-2139279_640_512.png,017_hummingbird-2139279_640_512.png,inf,1.0,0.0,"[[[  0   0   0]
  [  0   0   0]
  [  0   0   0]
  ...
  [128   0   0]
  [128   0   0]
  [128   0   0]]

 [[  0   0   0]
  [  0   0   0]
  [  0   0   0]
  ...
  [128   0   0]
  [128   0   0]
  [128   0   0]]

 [[  0   0   0]
  [  0   0   0]
  [  0   0   0]
  ...
  [128   0   0]
  [128   0   0]
  [128   0   0]]

 ...

 [[  0   0   0]
  [  0   0   0]
  [  0   0   0]
  ...
  [128   0   0]
  [128   0   0]
  [128   0   0]]

 [[  0   0   0]
  [  0   0   0]
  [  0   0   0]
  ...
  [128   0   0]
  [128   0   0]
  [128   0   0]]

 [[  0   0   0]
  [  0   0   0]
  [  0   0   0]
  ...
  [128   0   0]
  [128   0   0]
  [128   0   0]]]",success,output/raster_comparison_results_512x512\diffs\017_hummingbird-2139279_640_512_diff.jpg
004_kingfisher-2046453_640_512.png,004_kingfisher-2046453_640_512.png,inf,1.0,0.0,"[[[  0   0   0]
  [  0   0   0]
  [  0   0   0]
  ...
  [128   0   0]
  [128   0   0]
  [128   0   0]]

 [[  0   0   0]
  [  0   0   0]
  [  0   0   0]
  ...
  [128   0   0]
  [128   0   0]
  [128   0   0]]

 [[  0   0   0]
  [  0   0   0]
  [  0   0   0]
  ...
  [128   0   0]
  [128   0   0]
  [128   0   0]]

 ...

 [[  0   0   0]
  [  0   0   0]
  [  0   0   0]
  ...
  [128   0   0]
  [128   0   0]
  [128   0   0]]

 [[  0   0   0]
  [  0   0   0]
  [  0   0   0]
  ...
  [128   0   0]
  [128   0   0]
  [128   0   0]]

 [[  0   0   0]
  [  0   0   0]
  [  0   0   0]
  ...
  [128   0   0]
  [128   0   0]
  [128   0   0]]]",success,output/raster_comparison_results_512x512\diffs\004_kingfisher-2046453_640_512_diff.jpg
036_bald-eagle-2715461_640_512.png,036_bald-eagle-2715461_640_512.png,inf,1.0,0.0,"[[[  0   0   0]
  [  0   0   0]
  [  0   0   0]
  ...
  [128   0   0]
  [128   0   0]
  [128   0   0]]

 [[  0   0   0]
  [  0   0   0]
  [  0   0   0]
  ...
  [128   0   0]
  [128   0   0]
  [128   0   0]]

 [[  0   0   0]
  [  0   0   0]
  [  0   0   0]
  ...
  [128   0   0]
  [128   0   0]
  [128   0   0]]

 ...

 [[  0   0   0]
  [  0   0   0]
  [  0   0   0]
  ...
  [128   0   0]
  [128   0   0]
  [128   0   0]]

 [[  0   0   0]
  [  0   0   0]
  [  0   0   0]
  ...
  [128   0   0]
  [128   0   0]
  [128   0   0]]

 [[  0   0   0]
  [  0   0   0]
  [  0   0   0]
  ...
  [128   0   0]
  [128   0   0]
  [128   0   0]]]",success,output/raster_comparison_results_512x512\diffs\036_bald-eagle-2715461_640_512_diff.jpg
167_beach-1852945_1280_512.png,167_beach-1852945_1280_512.png,inf,1.0,0.0,"[[[  0   0   0]
  [  0   0   0]
  [  0   0   0]
  ...
  [128   0   0]
  [128   0   0]
  [128   0   0]]

 [[  0   0   0]
  [  0   0   0]
  [  0   0   0]
  ...
  [128   0   0]
  [128   0   0]
  [128   0   0]]

 [[  0   0   0]
  [  0   0   0]
  [  0   0   0]
  ...
  [128   0   0]
  [128   0   0]
  [128   0   0]]

 ...

 [[  0   0   0]
  [  0   0   0]
  [  0   0   0]
  ...
  [128   0   0]
  [128   0   0]
  [128   0   0]]

 [[  0   0   0]
  [  0   0   0]
  [  0   0   0]
  ...
  [128   0   0]
  [128   0   0]
  [128   0   0]]

 [[  0   0   0]
  [  0   0   0]
  [  0   0   0]
  ...
  [128   0   0]
  [128   0   0]
  [128   0   0]]]",success,output/raster_comparison_results_512x512\diffs\167_beach-1852945_1280_512_diff.jpg
116_flamingo-600205_1280_512.png,116_flamingo-600205_1280_512.png,inf,1.0,0.0,"[[[  0   0   0]
  [  0   0   0]
  [  0   0   0]
  ...
  [128   0   0]
  [128   0   0]
  [128   0   0]]

 [[  0   0   0]
  [  0   0   0]
  [  0   0   0]
  ...
  [128   0   0]
  [128   0   0]
  [128   0   0]]

 [[  0   0   0]
  [  0   0   0]
  [  0   0   0]
  ...
  [128   0   0]
  [128   0   0]
  [128   0   0]]

 ...

 [[  0   0   0]
  [  0   0   0]
  [  0   0   0]
  ...
  [128   0   0]
  [128   0   0]
  [128   0   0]]

 [[  0   0   0]
  [  0   0   0]
  [  0   0   0]
  ...
  [128   0   0]
  [128   0   0]
  [128   0   0]]

 [[  0   0   0]
  [  0   0   0]
  [  0   0   0]
  ...
  [128   0   0]
  [128   0   0]
  [128   0   0]]]",success,output/raster_comparison_results_512x512\diffs\116_flamingo-600205_1280_512_diff.jpg
125_owl-3649048_1280_512.png,125_owl-3649048_1280_512.png,inf,1.0,0.0,"[[[  0   0   0]
  [  0   0   0]
  [  0   0   0]
  ...
  [128   0   0]
  [128   0   0]
  [128   0   0]]

 [[  0   0   0]
  [  0   0   0]
  [  0   0   0]
  ...
  [128   0   0]
  [128   0   0]
  [128   0   0]]

 [[  0   0   0]
  [  0   0   0]
  [  0   0   0]
  ...
  [128   0   0]
  [128   0   0]
  [128   0   0]]

 ...

 [[  0   0   0]
  [  0   0   0]
  [  0   0   0]
  ...
  [128   0   0]
  [128   0   0]
  [128   0   0]]

 [[  0   0   0]
  [  0   0   0]
  [  0   0   0]
  ...
  [128   0   0]
  [128   0   0]
  [128   0   0]]

 [[  0   0   0]
  [  0   0   0]
  [  0   0   0]
  ...
  [128   0   0]
  [128   0   0]
  [128   0   0]]]",success,output/raster_comparison_results_512x512\diffs\125_owl-3649048_1280_512_diff.jpg
019_parrot-2756488_640_512.png,019_parrot-2756488_640_512.png,inf,1.0,0.0,"[[[  0   0   0]
  [  0   0   0]
  [  0   0   0]
  ...
  [128   0   0]
  [128   0   0]
  [128   0   0]]

 [[  0   0   0]
  [  0   0   0]
  [  0   0   0]
  ...
  [128   0   0]
  [128   0   0]
  [128   0   0]]

 [[  0   0   0]
  [  0   0   0]
  [  0   0   0]
  ...
  [128   0   0]
  [128   0   0]
  [128   0   0]]

 ...

 [[  0   0   0]
  [  0   0   0]
  [  0   0   0]
  ...
  [128   0   0]
  [128   0   0]
  [128   0   0]]

 [[  0   0   0]
  [  0   0   0]
  [  0   0   0]
  ...
  [128   0   0]
  [128   0   0]
  [128   0   0]]

 [[  0   0   0]
  [  0   0   0]
  [  0   0   0]
  ...
  [128   0   0]
  [128   0   0]
  [128   0   0]]]",success,output/raster_comparison_results_512x512\diffs\019_parrot-2756488_640_512_diff.jpg
020_beach-1852945_640_512.png,020_beach-1852945_640_512.png,inf,1.0,0.0,"[[[  0   0   0]
  [  0   0   0]
  [  0   0   0]
  ...
  [128   0   0]
  [128   0   0]
  [128   0   0]]

 [[  0   0   0]
  [  0   0   0]
  [  0   0   0]
  ...
  [128   0   0]
  [128   0   0]
  [128   0   0]]

 [[  0   0   0]
  [  0   0   0]
  [  0   0   0]
  ...
  [128   0   0]
  [128   0   0]
  [128   0   0]]

 ...

 [[  0   0   0]
  [  0   0   0]
  [  0   0   0]
  ...
  [128   0   0]
  [128   0   0]
  [128   0   0]]

 [[  0   0   0]
  [  0   0   0]
  [  0   0   0]
  ...
  [128   0   0]
  [128   0   0]
  [128   0   0]]

 [[  0   0   0]
  [  0   0   0]
  [  0   0   0]
  ...
  [128   0   0]
  [128   0   0]
  [128   0   0]]]",success,output/raster_comparison_results_512x512\diffs\020_beach-1852945_640_512_diff.jpg
039_barn-owl-2988291_640_512.png,039_barn-owl-2988291_640_512.png,inf,1.0,0.0,"[[[  0   0   0]
  [  0   0   0]
  [  0   0   0]
  ...
  [128   0   0]
  [128   0   0]
  [128   0   0]]

 [[  0   0   0]
  [  0   0   0]
  [  0   0   0]
  ...
  [128   0   0]
  [128   0   0]
  [128   0   0]]

 [[  0   0   0]
  [  0   0   0]
  [  0   0   0]
  ...
  [128   0   0]
  [128   0   0]
  [128   0   0]]

 ...

 [[  0   0   0]
  [  0   0   0]
  [  0   0   0]
  ...
  [128   0   0]
  [128   0   0]
  [128   0   0]]

 [[  0   0   0]
  [  0   0   0]
  [  0   0   0]
  ...
  [128   0   0]
  [128   0   0]
  [128   0   0]]

 [[  0   0   0]
  [  0   0   0]
  [  0   0   0]
  ...
  [128   0   0]
  [128   0   0]
  [128   0   0]]]",success,output/raster_comparison_results_512x512\diffs\039_barn-owl-2988291_640_512_diff.jpg
139_rooster-1867562_1280_512.png,139_rooster-1867562_1280_512.png,inf,1.0,0.0,"[[[  0   0   0]
  [  0   0   0]
  [  0   0   0]
  ...
  [128   0   0]
  [128   0   0]
  [128   0   0]]

 [[  0   0   0]
  [  0   0   0]
  [  0   0   0]
  ...
  [128   0   0]
  [128   0   0]
  [128   0   0]]

 [[  0   0   0]
  [  0   0   0]
  [  0   0   0]
  ...
  [128   0   0]
  [128   0   0]
  [128   0   0]]

 ...

 [[  0   0   0]
  [  0   0   0]
  [  0   0   0]
  ...
  [128   0   0]
  [128   0   0]
  [128   0   0]]

 [[  0   0   0]
  [  0   0   0]
  [  0   0   0]
  ...
  [128   0   0]
  [128   0   0]
  [128   0   0]]

 [[  0   0   0]
  [  0   0   0]
  [  0   0   0]
  ...
  [128   0   0]
  [128   0   0]
  [128   0   0]]]",success,output/raster_comparison_results_512x512\diffs\139_rooster-1867562_1280_512_diff.jpg
168_hummingbird-2139279_1280_512.png,168_hummingbird-2139279_1280_512.png,inf,1.0,0.0,"[[[  0   0   0]
  [  0   0   0]
  [  0   0   0]
  ...
  [128   0   0]
  [128   0   0]
  [128   0   0]]

 [[  0   0   0]
  [  0   0   0]
  [  0   0   0]
  ...
  [128   0   0]
  [128   0   0]
  [128   0   0]]

 [[  0   0   0]
  [  0   0   0]
  [  0   0   0]
  ...
  [128   0   0]
  [128   0   0]
  [128   0   0]]

 ...

 [[  0   0   0]
  [  0   0   0]
  [  0   0   0]
  ...
  [128   0   0]
  [128   0   0]
  [128   0   0]]

 [[  0   0   0]
  [  0   0   0]
  [  0   0   0]
  ...
  [128   0   0]
  [128   0   0]
  [128   0   0]]

 [[  0   0   0]
  [  0   0   0]
  [  0   0   0]
  ...
  [128   0   0]
  [128   0   0]
  [128   0   0]]]",success,output/raster_comparison_results_512x512\diffs\168_hummingbird-2139279_1280_512_diff.jpg
015_owl-1834152_640_512.png,015_owl-1834152_640_512.png,inf,1.0,0.0,"[[[  0   0   0]
  [  0   0   0]
  [  0   0   0]
  ...
  [128   0   0]
  [128   0   0]
  [128   0   0]]

 [[  0   0   0]
  [  0   0   0]
  [  0   0   0]
  ...
  [128   0   0]
  [128   0   0]
  [128   0   0]]

 [[  0   0   0]
  [  0   0   0]
  [  0   0   0]
  ...
  [128   0   0]
  [128   0   0]
  [128   0   0]]

 ...

 [[  0   0   0]
  [  0   0   0]
  [  0   0   0]
  ...
  [128   0   0]
  [128   0   0]
  [128   0   0]]

 [[  0   0   0]
  [  0   0   0]
  [  0   0   0]
  ...
  [128   0   0]
  [128   0   0]
  [128   0   0]]

 [[  0   0   0]
  [  0   0   0]
  [  0   0   0]
  ...
  [128   0   0]
  [128   0   0]
  [128   0   0]]]",success,output/raster_comparison_results_512x512\diffs\015_owl-1834152_640_512_diff.jpg
044_owl-1845060_640_512.png,044_owl-1845060_640_512.png,inf,1.0,0.0,"[[[  0   0   0]
  [  0   0   0]
  [  0   0   0]
  ...
  [128   0   0]
  [128   0   0]
  [128   0   0]]

 [[  0   0   0]
  [  0   0   0]
  [  0   0   0]
  ...
  [128   0   0]
  [128   0   0]
  [128   0   0]]

 [[  0   0   0]
  [  0   0   0]
  [  0   0   0]
  ...
  [128   0   0]
  [128   0   0]
  [128   0   0]]

 ...

 [[  0   0   0]
  [  0   0   0]
  [  0   0   0]
  ...
  [128   0   0]
  [128   0   0]
  [128   0   0]]

 [[  0   0   0]
  [  0   0   0]
  [  0   0   0]
  ...
  [128   0   0]
  [128   0   0]
  [128   0   0]]

 [[  0   0   0]
  [  0   0   0]
  [  0   0   0]
  ...
  [128   0   0]
  [128   0   0]
  [128   0   0]]]",success,output/raster_comparison_results_512x512\diffs\044_owl-1845060_640_512_diff.jpg
117_plumage-176723_1280_512.png,117_plumage-176723_1280_512.png,inf,1.0,0.0,"[[[  0   0   0]
  [  0   0   0]
  [  0   0   0]
  ...
  [128   0   0]
  [128   0   0]
  [128   0   0]]

 [[  0   0   0]
  [  0   0   0]
  [  0   0   0]
  ...
  [128   0   0]
  [128   0   0]
  [128   0   0]]

 [[  0   0   0]
  [  0   0   0]
  [  0   0   0]
  ...
  [128   0   0]
  [128   0   0]
  [128   0   0]]

 ...

 [[  0   0   0]
  [  0   0   0]
  [  0   0   0]
  ...
  [128   0   0]
  [128   0   0]
  [128   0   0]]

 [[  0   0   0]
  [  0   0   0]
  [  0   0   0]
  ...
  [128   0   0]
  [128   0   0]
  [128   0   0]]

 [[  0   0   0]
  [  0   0   0]
  [  0   0   0]
  ...
  [128   0   0]
  [128   0   0]
  [128   0   0]]]",success,output/raster_comparison_results_512x512\diffs\117_plumage-176723_1280_512_diff.jpg
076_duckling-3524213_640_512.png,076_duckling-3524213_640_512.png,inf,1.0,0.0,"[[[  0   0   0]
  [  0   0   0]
  [  0   0   0]
  ...
  [128   0   0]
  [128   0   0]
  [128   0   0]]

 [[  0   0   0]
  [  0   0   0]
  [  0   0   0]
  ...
  [128   0   0]
  [128   0   0]
  [128   0   0]]

 [[  0   0   0]
  [  0   0   0]
  [  0   0   0]
  ...
  [128   0   0]
  [128   0   0]
  [128   0   0]]

 ...

 [[  0   0   0]
  [  0   0   0]
  [  0   0   0]
  ...
  [128   0   0]
  [128   0   0]
  [128   0   0]]

 [[  0   0   0]
  [  0   0   0]
  [  0   0   0]
  ...
  [128   0   0]
  [128   0   0]
  [128   0   0]]

 [[  0   0   0]
  [  0   0   0]
  [  0   0   0]
  ...
  [128   0   0]
  [128   0   0]
  [128   0   0]]]",success,output/raster_comparison_results_512x512\diffs\076_duckling-3524213_640_512_diff.jpg
080_victoria-crowned-pigeon-4486154_640_512.png,080_victoria-crowned-pigeon-4486154_640_512.png,inf,1.0,0.0,"[[[  0   0   0]
  [  0   0   0]
  [  0   0   0]
  ...
  [128   0   0]
  [128   0   0]
  [128   0   0]]

 [[  0   0   0]
  [  0   0   0]
  [  0   0   0]
  ...
  [128   0   0]
  [128   0   0]
  [128   0   0]]

 [[  0   0   0]
  [  0   0   0]
  [  0   0   0]
  ...
  [128   0   0]
  [128   0   0]
  [128   0   0]]

 ...

 [[  0   0   0]
  [  0   0   0]
  [  0   0   0]
  ...
  [128   0   0]
  [128   0   0]
  [128   0   0]]

 [[  0   0   0]
  [  0   0   0]
  [  0   0   0]
  ...
  [128   0   0]
  [128   0   0]
  [128   0   0]]

 [[  0   0   0]
  [  0   0   0]
  [  0   0   0]
  ...
  [128   0   0]
  [128   0   0]
  [128   0   0]]]",success,output/raster_comparison_results_512x512\diffs\080_victoria-crowned-pigeon-4486154_640_512_diff.jpg
157_peafowl-2363750_1280_512.png,157_peafowl-2363750_1280_512.png,inf,1.0,0.0,"[[[  0   0   0]
  [  0   0   0]
  [  0   0   0]
  ...
  [128   0   0]
  [128   0   0]
  [128   0   0]]

 [[  0   0   0]
  [  0   0   0]
  [  0   0   0]
  ...
  [128   0   0]
  [128   0   0]
  [128   0   0]]

 [[  0   0   0]
  [  0   0   0]
  [  0   0   0]
  ...
  [128   0   0]
  [128   0   0]
  [128   0   0]]

 ...

 [[  0   0   0]
  [  0   0   0]
  [  0   0   0]
  ...
  [128   0   0]
  [128   0   0]
  [128   0   0]]

 [[  0   0   0]
  [  0   0   0]
  [  0   0   0]
  ...
  [128   0   0]
  [128   0   0]
  [128   0   0]]

 [[  0   0   0]
  [  0   0   0]
  [  0   0   0]
  ...
  [128   0   0]
  [128   0   0]
  [128   0   0]]]",success,output/raster_comparison_results_512x512\diffs\157_peafowl-2363750_1280_512_diff.jpg
138_bird-3743094_1280_512.png,138_bird-3743094_1280_512.png,inf,1.0,0.0,"[[[  0   0   0]
  [  0   0   0]
  [  0   0   0]
  ...
  [128   0   0]
  [128   0   0]
  [128   0   0]]

 [[  0   0   0]
  [  0   0   0]
  [  0   0   0]
  ...
  [128   0   0]
  [128   0   0]
  [128   0   0]]

 [[  0   0   0]
  [  0   0   0]
  [  0   0   0]
  ...
  [128   0   0]
  [128   0   0]
  [128   0   0]]

 ...

 [[  0   0   0]
  [  0   0   0]
  [  0   0   0]
  ...
  [128   0   0]
  [128   0   0]
  [128   0   0]]

 [[  0   0   0]
  [  0   0   0]
  [  0   0   0]
  ...
  [128   0   0]
  [128   0   0]
  [128   0   0]]

 [[  0   0   0]
  [  0   0   0]
  [  0   0   0]
  ...
  [128   0   0]
  [128   0   0]
  [128   0   0]]]",success,output/raster_comparison_results_512x512\diffs\138_bird-3743094_1280_512_diff.jpg
181_peacock-feathers-3013486_1280_512.png,181_peacock-feathers-3013486_1280_512.png,inf,1.0,0.0,"[[[  0   0   0]
  [  0   0   0]
  [  0   0   0]
  ...
  [128   0   0]
  [128   0   0]
  [128   0   0]]

 [[  0   0   0]
  [  0   0   0]
  [  0   0   0]
  ...
  [128   0   0]
  [128   0   0]
  [128   0   0]]

 [[  0   0   0]
  [  0   0   0]
  [  0   0   0]
  ...
  [128   0   0]
  [128   0   0]
  [128   0   0]]

 ...

 [[  0   0   0]
  [  0   0   0]
  [  0   0   0]
  ...
  [128   0   0]
  [128   0   0]
  [128   0   0]]

 [[  0   0   0]
  [  0   0   0]
  [  0   0   0]
  ...
  [128   0   0]
  [128   0   0]
  [128   0   0]]

 [[  0   0   0]
  [  0   0   0]
  [  0   0   0]
  ...
  [128   0   0]
  [128   0   0]
  [128   0   0]]]",success,output/raster_comparison_results_512x512\diffs\181_peacock-feathers-3013486_1280_512_diff.jpg
065_eagle-1753002_640_512.png,065_eagle-1753002_640_512.png,inf,1.0,0.0,"[[[  0   0   0]
  [  0   0   0]
  [  0   0   0]
  ...
  [128   0   0]
  [128   0   0]
  [128   0   0]]

 [[  0   0   0]
  [  0   0   0]
  [  0   0   0]
  ...
  [128   0   0]
  [128   0   0]
  [128   0   0]]

 [[  0   0   0]
  [  0   0   0]
  [  0   0   0]
  ...
  [128   0   0]
  [128   0   0]
  [128   0   0]]

 ...

 [[  0   0   0]
  [  0   0   0]
  [  0   0   0]
  ...
  [128   0   0]
  [128   0   0]
  [128   0   0]]

 [[  0   0   0]
  [  0   0   0]
  [  0   0   0]
  ...
  [128   0   0]
  [128   0   0]
  [128   0   0]]

 [[  0   0   0]
  [  0   0   0]
  [  0   0   0]
  ...
  [128   0   0]
  [128   0   0]
  [128   0   0]]]",success,output/raster_comparison_results_512x512\diffs\065_eagle-1753002_640_512_diff.jpg
038_flowers-1835619_640_512.png,038_flowers-1835619_640_512.png,inf,1.0,0.0,"[[[  0   0   0]
  [  0   0   0]
  [  0   0   0]
  ...
  [128   0   0]
  [128   0   0]
  [128   0   0]]

 [[  0   0   0]
  [  0   0   0]
  [  0   0   0]
  ...
  [128   0   0]
  [128   0   0]
  [128   0   0]]

 [[  0   0   0]
  [  0   0   0]
  [  0   0   0]
  ...
  [128   0   0]
  [128   0   0]
  [128   0   0]]

 ...

 [[  0   0   0]
  [  0   0   0]
  [  0   0   0]
  ...
  [128   0   0]
  [128   0   0]
  [128   0   0]]

 [[  0   0   0]
  [  0   0   0]
  [  0   0   0]
  ...
  [128   0   0]
  [128   0   0]
  [128   0   0]]

 [[  0   0   0]
  [  0   0   0]
  [  0   0   0]
  ...
  [128   0   0]
  [128   0   0]
  [128   0   0]]]",success,output/raster_comparison_results_512x512\diffs\038_flowers-1835619_640_512_diff.jpg
043_peafowl-816981_640_512.png,043_peafowl-816981_640_512.png,inf,1.0,0.0,"[[[  0   0   0]
  [  0   0   0]
  [  0   0   0]
  ...
  [128   0   0]
  [128   0   0]
  [128   0   0]]

 [[  0   0   0]
  [  0   0   0]
  [  0   0   0]
  ...
  [128   0   0]
  [128   0   0]
  [128   0   0]]

 [[  0   0   0]
  [  0   0   0]
  [  0   0   0]
  ...
  [128   0   0]
  [128   0   0]
  [128   0   0]]

 ...

 [[  0   0   0]
  [  0   0   0]
  [  0   0   0]
  ...
  [128   0   0]
  [128   0   0]
  [128   0   0]]

 [[  0   0   0]
  [  0   0   0]
  [  0   0   0]
  ...
  [128   0   0]
  [128   0   0]
  [128   0   0]]

 [[  0   0   0]
  [  0   0   0]
  [  0   0   0]
  ...
  [128   0   0]
  [128   0   0]
  [128   0   0]]]",success,output/raster_comparison_results_512x512\diffs\043_peafowl-816981_640_512_diff.jpg
023_kingfisher-1068684_640_512.png,023_kingfisher-1068684_640_512.png,inf,1.0,0.0,"[[[ 14  31  40]
  [ 13  30  39]
  [ 14  28  37]
  ...
  [128   0   0]
  [128   0   0]
  [128   0   0]]

 [[ 15  32  41]
  [ 14  30  39]
  [ 13  29  38]
  ...
  [128   0   0]
  [128   0   0]
  [128   0   0]]

 [[ 13  30  39]
  [ 12  29  38]
  [ 11  28  37]
  ...
  [128   0   0]
  [128   0   0]
  [128   0   0]]

 ...

 [[ 45  60  68]
  [ 38  53  62]
  [ 33  48  56]
  ...
  [128   0   0]
  [128   0   0]
  [128   0   0]]

 [[115 130 139]
  [ 98 113 122]
  [ 83  98 107]
  ...
  [128   0   0]
  [128   0   0]
  [128   0   0]]

 [[ 54  69  78]
  [ 62  77  86]
  [ 74  89  98]
  ...
  [128   0   0]
  [128   0   0]
  [128   0   0]]]",success,output/raster_comparison_results_512x512\diffs\023_kingfisher-1068684_640_512_diff.jpg
085_gulls-370012_640_512.png,085_gulls-370012_640_512.png,inf,1.0,0.0,"[[[  0   0   0]
  [  0   0   0]
  [  0   0   0]
  ...
  [128   0   0]
  [128   0   0]
  [128   0   0]]

 [[  0   0   0]
  [  0   0   0]
  [  0   0   0]
  ...
  [128   0   0]
  [128   0   0]
  [128   0   0]]

 [[  0   0   0]
  [  0   0   0]
  [  0   0   0]
  ...
  [128   0   0]
  [128   0   0]
  [128   0   0]]

 ...

 [[  0   0   0]
  [  0   0   0]
  [  0   0   0]
  ...
  [128   0   0]
  [128   0   0]
  [128   0   0]]

 [[  0   0   0]
  [  0   0   0]
  [  0   0   0]
  ...
  [128   0   0]
  [128   0   0]
  [128   0   0]]

 [[  0   0   0]
  [  0   0   0]
  [  0   0   0]
  ...
  [128   0   0]
  [128   0   0]
  [128   0   0]]]",success,output/raster_comparison_results_512x512\diffs\085_gulls-370012_640_512_diff.jpg
074_swan-122983_640_512.png,074_swan-122983_640_512.png,inf,1.0,0.0,"[[[  0   0   0]
  [  0   0   0]
  [  0   0   0]
  ...
  [128   0   0]
  [128   0   0]
  [128   0   0]]

 [[  0   0   0]
  [  0   0   0]
  [  0   0   0]
  ...
  [128   0   0]
  [128   0   0]
  [128   0   0]]

 [[  0   0   0]
  [  0   0   0]
  [  0   0   0]
  ...
  [128   0   0]
  [128   0   0]
  [128   0   0]]

 ...

 [[  0   0   0]
  [  0   0   0]
  [  0   0   0]
  ...
  [128   0   0]
  [128   0   0]
  [128   0   0]]

 [[  0   0   0]
  [  0   0   0]
  [  0   0   0]
  ...
  [128   0   0]
  [128   0   0]
  [128   0   0]]

 [[  0   0   0]
  [  0   0   0]
  [  0   0   0]
  ...
  [128   0   0]
  [128   0   0]
  [128   0   0]]]",success,output/raster_comparison_results_512x512\diffs\074_swan-122983_640_512_diff.jpg
166_parrot-2756488_1280_512.png,166_parrot-2756488_1280_512.png,inf,1.0,0.0,"[[[  0   0   0]
  [  0   0   0]
  [  0   0   0]
  ...
  [128   0   0]
  [128   0   0]
  [128   0   0]]

 [[  0   0   0]
  [  0   0   0]
  [  0   0   0]
  ...
  [128   0   0]
  [128   0   0]
  [128   0   0]]

 [[  0   0   0]
  [  0   0   0]
  [  0   0   0]
  ...
  [128   0   0]
  [128   0   0]
  [128   0   0]]

 ...

 [[  0   0   0]
  [  0   0   0]
  [  0   0   0]
  ...
  [128   0   0]
  [128   0   0]
  [128   0   0]]

 [[  0   0   0]
  [  0   0   0]
  [  0   0   0]
  ...
  [128   0   0]
  [128   0   0]
  [128   0   0]]

 [[  0   0   0]
  [  0   0   0]
  [  0   0   0]
  ...
  [128   0   0]
  [128   0   0]
  [128   0   0]]]",success,output/raster_comparison_results_512x512\diffs\166_parrot-2756488_1280_512_diff.jpg
072_parrots-3427188_640_512.png,072_parrots-3427188_640_512.png,inf,1.0,0.0,"[[[  0   0   0]
  [  0   0   0]
  [  0   0   0]
  ...
  [128   0   0]
  [128   0   0]
  [128   0   0]]

 [[  0   0   0]
  [  0   0   0]
  [  0   0   0]
  ...
  [128   0   0]
  [128   0   0]
  [128   0   0]]

 [[  0   0   0]
  [  0   0   0]
  [  0   0   0]
  ...
  [128   0   0]
  [128   0   0]
  [128   0   0]]

 ...

 [[  0   0   0]
  [  0   0   0]
  [  0   0   0]
  ...
  [128   0   0]
  [128   0   0]
  [128   0   0]]

 [[  0   0   0]
  [  0   0   0]
  [  0   0   0]
  ...
  [128   0   0]
  [128   0   0]
  [128   0   0]]

 [[  0   0   0]
  [  0   0   0]
  [  0   0   0]
  ...
  [128   0   0]
  [128   0   0]
  [128   0   0]]]",success,output/raster_comparison_results_512x512\diffs\072_parrots-3427188_640_512_diff.jpg
081_eagle-2045655_640_512.png,081_eagle-2045655_640_512.png,inf,1.0,0.0,"[[[  0   0   0]
  [  0   0   0]
  [  0   0   0]
  ...
  [128   0   0]
  [128   0   0]
  [128   0   0]]

 [[  0   0   0]
  [  0   0   0]
  [  0   0   0]
  ...
  [128   0   0]
  [128   0   0]
  [128   0   0]]

 [[  0   0   0]
  [  0   0   0]
  [  0   0   0]
  ...
  [128   0   0]
  [128   0   0]
  [128   0   0]]

 ...

 [[  0   0   0]
  [  0   0   0]
  [  0   0   0]
  ...
  [128   0   0]
  [128   0   0]
  [128   0   0]]

 [[  0   0   0]
  [  0   0   0]
  [  0   0   0]
  ...
  [128   0   0]
  [128   0   0]
  [128   0   0]]

 [[  0   0   0]
  [  0   0   0]
  [  0   0   0]
  ...
  [128   0   0]
  [128   0   0]
  [128   0   0]]]",success,output/raster_comparison_results_512x512\diffs\081_eagle-2045655_640_512_diff.jpg
056_chaffinch-1420407_640_512.png,056_chaffinch-1420407_640_512.png,inf,1.0,0.0,"[[[  0   0   0]
  [  0   0   0]
  [  0   0   0]
  ...
  [128   0   0]
  [128   0   0]
  [128   0   0]]

 [[  0   0   0]
  [  0   0   0]
  [  0   0   0]
  ...
  [128   0   0]
  [128   0   0]
  [128   0   0]]

 [[  0   0   0]
  [  0   0   0]
  [  0   0   0]
  ...
  [128   0   0]
  [128   0   0]
  [128   0   0]]

 ...

 [[  0   0   0]
  [  0   0   0]
  [  0   0   0]
  ...
  [128   0   0]
  [128   0   0]
  [128   0   0]]

 [[  0   0   0]
  [  0   0   0]
  [  0   0   0]
  ...
  [128   0   0]
  [128   0   0]
  [128   0   0]]

 [[  0   0   0]
  [  0   0   0]
  [  0   0   0]
  ...
  [128   0   0]
  [128   0   0]
  [128   0   0]]]",success,output/raster_comparison_results_512x512\diffs\056_chaffinch-1420407_640_512_diff.jpg
001_owl-50267_1280_512.png,001_owl-50267_1280_512.png,inf,1.0,0.0,"[[[  0   0   0]
  [  0   0   0]
  [  0   0   0]
  ...
  [128   0   0]
  [128   0   0]
  [128   0   0]]

 [[  0   0   0]
  [  0   0   0]
  [  0   0   0]
  ...
  [128   0   0]
  [128   0   0]
  [128   0   0]]

 [[  0   0   0]
  [  0   0   0]
  [  0   0   0]
  ...
  [128   0   0]
  [128   0   0]
  [128   0   0]]

 ...

 [[  0   0   0]
  [  0   0   0]
  [  0   0   0]
  ...
  [128   0   0]
  [128   0   0]
  [128   0   0]]

 [[  0   0   0]
  [  0   0   0]
  [  0   0   0]
  ...
  [128   0   0]
  [128   0   0]
  [128   0   0]]

 [[  0   0   0]
  [  0   0   0]
  [  0   0   0]
  ...
  [128   0   0]
  [128   0   0]
  [128   0   0]]]",success,output/raster_comparison_results_512x512\diffs\001_owl-50267_1280_512_diff.jpg
031_swan-4013225_640_512.png,031_swan-4013225_640_512.png,inf,1.0,0.0,"[[[  0   0   0]
  [  0   0   0]
  [  0   0   0]
  ...
  [128   0   0]
  [128   0   0]
  [128   0   0]]

 [[  0   0   0]
  [  0   0   0]
  [  0   0   0]
  ...
  [128   0   0]
  [128   0   0]
  [128   0   0]]

 [[  0   0   0]
  [  0   0   0]
  [  0   0   0]
  ...
  [128   0   0]
  [128   0   0]
  [128   0   0]]

 ...

 [[  0   0   0]
  [  0   0   0]
  [  0   0   0]
  ...
  [128   0   0]
  [128   0   0]
  [128   0   0]]

 [[  0   0   0]
  [  0   0   0]
  [  0   0   0]
  ...
  [128   0   0]
  [128   0   0]
  [128   0   0]]

 [[  0   0   0]
  [  0   0   0]
  [  0   0   0]
  ...
  [128   0   0]
  [128   0   0]
  [128   0   0]]]",success,output/raster_comparison_results_512x512\diffs\031_swan-4013225_640_512_diff.jpg
055_gull-192909_640_512.png,055_gull-192909_640_512.png,inf,1.0,0.0,"[[[  0   0   0]
  [  0   0   0]
  [  0   0   0]
  ...
  [128   0   0]
  [128   0   0]
  [128   0   0]]

 [[  0   0   0]
  [  0   0   0]
  [  0   0   0]
  ...
  [128   0   0]
  [128   0   0]
  [128   0   0]]

 [[  0   0   0]
  [  0   0   0]
  [  0   0   0]
  ...
  [128   0   0]
  [128   0   0]
  [128   0   0]]

 ...

 [[  0   0   0]
  [  0   0   0]
  [  0   0   0]
  ...
  [128   0   0]
  [128   0   0]
  [128   0   0]]

 [[  0   0   0]
  [  0   0   0]
  [  0   0   0]
  ...
  [128   0   0]
  [128   0   0]
  [128   0   0]]

 [[  0   0   0]
  [  0   0   0]
  [  0   0   0]
  ...
  [128   0   0]
  [128   0   0]
  [128   0   0]]]",success,output/raster_comparison_results_512x512\diffs\055_gull-192909_640_512_diff.jpg
066_bird-2823767_640_512.png,066_bird-2823767_640_512.png,inf,1.0,0.0,"[[[  0   0   0]
  [  0   0   0]
  [  0   0   0]
  ...
  [128   0   0]
  [128   0   0]
  [128   0   0]]

 [[  0   0   0]
  [  0   0   0]
  [  0   0   0]
  ...
  [128   0   0]
  [128   0   0]
  [128   0   0]]

 [[  0   0   0]
  [  0   0   0]
  [  0   0   0]
  ...
  [128   0   0]
  [128   0   0]
  [128   0   0]]

 ...

 [[  0   0   0]
  [  0   0   0]
  [  0   0   0]
  ...
  [128   0   0]
  [128   0   0]
  [128   0   0]]

 [[  0   0   0]
  [  0   0   0]
  [  0   0   0]
  ...
  [128   0   0]
  [128   0   0]
  [128   0   0]]

 [[  0   0   0]
  [  0   0   0]
  [  0   0   0]
  ...
  [128   0   0]
  [128   0   0]
  [128   0   0]]]",success,output/raster_comparison_results_512x512\diffs\066_bird-2823767_640_512_diff.jpg
170_flowers-1835619_1280_512.png,170_flowers-1835619_1280_512.png,inf,1.0,0.0,"[[[  0   0   0]
  [  0   0   0]
  [  0   0   0]
  ...
  [128   0   0]
  [128   0   0]
  [128   0   0]]

 [[  0   0   0]
  [  0   0   0]
  [  0   0   0]
  ...
  [128   0   0]
  [128   0   0]
  [128   0   0]]

 [[  0   0   0]
  [  0   0   0]
  [  0   0   0]
  ...
  [128   0   0]
  [128   0   0]
  [128   0   0]]

 ...

 [[  0   0   0]
  [  0   0   0]
  [  0   0   0]
  ...
  [128   0   0]
  [128   0   0]
  [128   0   0]]

 [[  0   0   0]
  [  0   0   0]
  [  0   0   0]
  ...
  [128   0   0]
  [128   0   0]
  [128   0   0]]

 [[  0   0   0]
  [  0   0   0]
  [  0   0   0]
  ...
  [128   0   0]
  [128   0   0]
  [128   0   0]]]",success,output/raster_comparison_results_512x512\diffs\170_flowers-1835619_1280_512_diff.jpg
136_halcyon-1352522_1280_512.png,136_halcyon-1352522_1280_512.png,inf,1.0,0.0,"[[[  0   0   0]
  [  0   0   0]
  [  0   0   0]
  ...
  [128   0   0]
  [128   0   0]
  [128   0   0]]

 [[  0   0   0]
  [  0   0   0]
  [  0   0   0]
  ...
  [128   0   0]
  [128   0   0]
  [128   0   0]]

 [[  0   0   0]
  [  0   0   0]
  [  0   0   0]
  ...
  [128   0   0]
  [128   0   0]
  [128   0   0]]

 ...

 [[  0   0   0]
  [  0   0   0]
  [  0   0   0]
  ...
  [128   0   0]
  [128   0   0]
  [128   0   0]]

 [[  0   0   0]
  [  0   0   0]
  [  0   0   0]
  ...
  [128   0   0]
  [128   0   0]
  [128   0   0]]

 [[  0   0   0]
  [  0   0   0]
  [  0   0   0]
  ...
  [128   0   0]
  [128   0   0]
  [128   0   0]]]",success,output/raster_comparison_results_512x512\diffs\136_halcyon-1352522_1280_512_diff.jpg
180_owl-1845060_1280_512.png,180_owl-1845060_1280_512.png,inf,1.0,0.0,"[[[  0   0   0]
  [  0   0   0]
  [  0   0   0]
  ...
  [128   0   0]
  [128   0   0]
  [128   0   0]]

 [[  0   0   0]
  [  0   0   0]
  [  0   0   0]
  ...
  [128   0   0]
  [128   0   0]
  [128   0   0]]

 [[  0   0   0]
  [  0   0   0]
  [  0   0   0]
  ...
  [128   0   0]
  [128   0   0]
  [128   0   0]]

 ...

 [[  0   0   0]
  [  0   0   0]
  [  0   0   0]
  ...
  [128   0   0]
  [128   0   0]
  [128   0   0]]

 [[  0   0   0]
  [  0   0   0]
  [  0   0   0]
  ...
  [128   0   0]
  [128   0   0]
  [128   0   0]]

 [[  0   0   0]
  [  0   0   0]
  [  0   0   0]
  ...
  [128   0   0]
  [128   0   0]
  [128   0   0]]]",success,output/raster_comparison_results_512x512\diffs\180_owl-1845060_1280_512_diff.jpg
041_owl-3184032_640_512.png,041_owl-3184032_640_512.png,inf,1.0,0.0,"[[[  0   0   0]
  [  0   0   0]
  [  0   0   0]
  ...
  [128   0   0]
  [128   0   0]
  [128   0   0]]

 [[  0   0   0]
  [  0   0   0]
  [  0   0   0]
  ...
  [128   0   0]
  [128   0   0]
  [128   0   0]]

 [[  0   0   0]
  [  0   0   0]
  [  0   0   0]
  ...
  [128   0   0]
  [128   0   0]
  [128   0   0]]

 ...

 [[  0   0   0]
  [  0   0   0]
  [  0   0   0]
  ...
  [128   0   0]
  [128   0   0]
  [128   0   0]]

 [[  0   0   0]
  [  0   0   0]
  [  0   0   0]
  ...
  [128   0   0]
  [128   0   0]
  [128   0   0]]

 [[  0   0   0]
  [  0   0   0]
  [  0   0   0]
  ...
  [128   0   0]
  [128   0   0]
  [128   0   0]]]",success,output/raster_comparison_results_512x512\diffs\041_owl-3184032_640_512_diff.jpg
104_kingfisher-1068684_1280_512.png,104_kingfisher-1068684_1280_512.png,inf,1.0,0.0,"[[[ 15  30  39]
  [ 14  29  38]
  [ 14  29  38]
  ...
  [128   0   0]
  [128   0   0]
  [128   0   0]]

 [[ 16  31  40]
  [ 14  29  38]
  [ 13  28  37]
  ...
  [128   0   0]
  [128   0   0]
  [128   0   0]]

 [[ 15  30  39]
  [ 14  29  38]
  [ 13  28  37]
  ...
  [128   0   0]
  [128   0   0]
  [128   0   0]]

 ...

 [[ 52  63  73]
  [ 46  58  68]
  [ 41  55  65]
  ...
  [128   0   0]
  [128   0   0]
  [128   0   0]]

 [[112 124 133]
  [ 91 105 114]
  [ 83  99 108]
  ...
  [128   0   0]
  [128   0   0]
  [128   0   0]]

 [[ 55  71  80]
  [ 62  80  89]
  [ 67  86  95]
  ...
  [128   0   0]
  [128   0   0]
  [128   0   0]]]",success,output/raster_comparison_results_512x512\diffs\104_kingfisher-1068684_1280_512_diff.jpg
111_beach-832346_1280_512.png,111_beach-832346_1280_512.png,inf,1.0,0.0,"[[[  0   0   0]
  [  0   0   0]
  [  0   0   0]
  ...
  [128   0   0]
  [128   0   0]
  [128   0   0]]

 [[  0   0   0]
  [  0   0   0]
  [  0   0   0]
  ...
  [128   0   0]
  [128   0   0]
  [128   0   0]]

 [[  0   0   0]
  [  0   0   0]
  [  0   0   0]
  ...
  [128   0   0]
  [128   0   0]
  [128   0   0]]

 ...

 [[  0   0   0]
  [  0   0   0]
  [  0   0   0]
  ...
  [128   0   0]
  [128   0   0]
  [128   0   0]]

 [[  0   0   0]
  [  0   0   0]
  [  0   0   0]
  ...
  [128   0   0]
  [128   0   0]
  [128   0   0]]

 [[  0   0   0]
  [  0   0   0]
  [  0   0   0]
  ...
  [128   0   0]
  [128   0   0]
  [128   0   0]]]",success,output/raster_comparison_results_512x512\diffs\111_beach-832346_1280_512_diff.jpg
089_robin-8446944_640_512.png,089_robin-8446944_640_512.png,inf,1.0,0.0,"[[[  0   0   0]
  [  0   0   0]
  [  0   0   0]
  ...
  [128   0   0]
  [128   0   0]
  [128   0   0]]

 [[  0   0   0]
  [  0   0   0]
  [  0   0   0]
  ...
  [128   0   0]
  [128   0   0]
  [128   0   0]]

 [[  0   0   0]
  [  0   0   0]
  [  0   0   0]
  ...
  [128   0   0]
  [128   0   0]
  [128   0   0]]

 ...

 [[  0   0   0]
  [  0   0   0]
  [  0   0   0]
  ...
  [128   0   0]
  [128   0   0]
  [128   0   0]]

 [[  0   0   0]
  [  0   0   0]
  [  0   0   0]
  ...
  [128   0   0]
  [128   0   0]
  [128   0   0]]

 [[  0   0   0]
  [  0   0   0]
  [  0   0   0]
  ...
  [128   0   0]
  [128   0   0]
  [128   0   0]]]",success,output/raster_comparison_results_512x512\diffs\089_robin-8446944_640_512_diff.jpg
156_bald-eagle-2715461_1280_512.png,156_bald-eagle-2715461_1280_512.png,inf,1.0,0.0,"[[[  0   0   0]
  [  0   0   0]
  [  0   0   0]
  ...
  [128   0   0]
  [128   0   0]
  [128   0   0]]

 [[  0   0   0]
  [  0   0   0]
  [  0   0   0]
  ...
  [128   0   0]
  [128   0   0]
  [128   0   0]]

 [[  0   0   0]
  [  0   0   0]
  [  0   0   0]
  ...
  [128   0   0]
  [128   0   0]
  [128   0   0]]

 ...

 [[  0   0   0]
  [  0   0   0]
  [  0   0   0]
  ...
  [128   0   0]
  [128   0   0]
  [128   0   0]]

 [[  0   0   0]
  [  0   0   0]
  [  0   0   0]
  ...
  [128   0   0]
  [128   0   0]
  [128   0   0]]

 [[  0   0   0]
  [  0   0   0]
  [  0   0   0]
  ...
  [128   0   0]
  [128   0   0]
  [128   0   0]]]",success,output/raster_comparison_results_512x512\diffs\156_bald-eagle-2715461_1280_512_diff.jpg
160_eagle-1072696_1280_512.png,160_eagle-1072696_1280_512.png,inf,1.0,0.0,"[[[  0   0   0]
  [  0   0   0]
  [  0   0   0]
  ...
  [128   0   0]
  [128   0   0]
  [128   0   0]]

 [[  0   0   0]
  [  0   0   0]
  [  0   0   0]
  ...
  [128   0   0]
  [128   0   0]
  [128   0   0]]

 [[  0   0   0]
  [  0   0   0]
  [  0   0   0]
  ...
  [128   0   0]
  [128   0   0]
  [128   0   0]]

 ...

 [[  0   0   0]
  [  0   0   0]
  [  0   0   0]
  ...
  [128   0   0]
  [128   0   0]
  [128   0   0]]

 [[  0   0   0]
  [  0   0   0]
  [  0   0   0]
  ...
  [128   0   0]
  [128   0   0]
  [128   0   0]]

 [[  0   0   0]
  [  0   0   0]
  [  0   0   0]
  ...
  [128   0   0]
  [128   0   0]
  [128   0   0]]]",success,output/raster_comparison_results_512x512\diffs\160_eagle-1072696_1280_512_diff.jpg
113_sparrows-3434123_1280_512.png,113_sparrows-3434123_1280_512.png,inf,1.0,0.0,"[[[  0   0   0]
  [  0   0   0]
  [  0   0   0]
  ...
  [128   0   0]
  [128   0   0]
  [128   0   0]]

 [[  0   0   0]
  [  0   0   0]
  [  0   0   0]
  ...
  [128   0   0]
  [128   0   0]
  [128   0   0]]

 [[  0   0   0]
  [  0   0   0]
  [  0   0   0]
  ...
  [128   0   0]
  [128   0   0]
  [128   0   0]]

 ...

 [[  0   0   0]
  [  0   0   0]
  [  0   0   0]
  ...
  [128   0   0]
  [128   0   0]
  [128   0   0]]

 [[  0   0   0]
  [  0   0   0]
  [  0   0   0]
  ...
  [128   0   0]
  [128   0   0]
  [128   0   0]]

 [[  0   0   0]
  [  0   0   0]
  [  0   0   0]
  ...
  [128   0   0]
  [128   0   0]
  [128   0   0]]]",success,output/raster_comparison_results_512x512\diffs\113_sparrows-3434123_1280_512_diff.jpg
122_hummingbird-1854225_1280_512.png,122_hummingbird-1854225_1280_512.png,inf,1.0,0.0,"[[[  0   0   0]
  [  0   0   0]
  [  0   0   0]
  ...
  [128   0   0]
  [128   0   0]
  [128   0   0]]

 [[  0   0   0]
  [  0   0   0]
  [  0   0   0]
  ...
  [128   0   0]
  [128   0   0]
  [128   0   0]]

 [[  0   0   0]
  [  0   0   0]
  [  0   0   0]
  ...
  [128   0   0]
  [128   0   0]
  [128   0   0]]

 ...

 [[  0   0   0]
  [  0   0   0]
  [  0   0   0]
  ...
  [128   0   0]
  [128   0   0]
  [128   0   0]]

 [[  0   0   0]
  [  0   0   0]
  [  0   0   0]
  ...
  [128   0   0]
  [128   0   0]
  [128   0   0]]

 [[  0   0   0]
  [  0   0   0]
  [  0   0   0]
  ...
  [128   0   0]
  [128   0   0]
  [128   0   0]]]",success,output/raster_comparison_results_512x512\diffs\122_hummingbird-1854225_1280_512_diff.jpg
133_peacock-3080897_1280_512.png,133_peacock-3080897_1280_512.png,inf,1.0,0.0,"[[[  0   0   0]
  [  0   0   0]
  [  0   0   0]
  ...
  [128   0   0]
  [128   0   0]
  [128   0   0]]

 [[  0   0   0]
  [  0   0   0]
  [  0   0   0]
  ...
  [128   0   0]
  [128   0   0]
  [128   0   0]]

 [[  0   0   0]
  [  0   0   0]
  [  0   0   0]
  ...
  [128   0   0]
  [128   0   0]
  [128   0   0]]

 ...

 [[  0   0   0]
  [  0   0   0]
  [  0   0   0]
  ...
  [128   0   0]
  [128   0   0]
  [128   0   0]]

 [[  0   0   0]
  [  0   0   0]
  [  0   0   0]
  ...
  [128   0   0]
  [128   0   0]
  [128   0   0]]

 [[  0   0   0]
  [  0   0   0]
  [  0   0   0]
  ...
  [128   0   0]
  [128   0   0]
  [128   0   0]]]",success,output/raster_comparison_results_512x512\diffs\133_peacock-3080897_1280_512_diff.jpg
063_peacock-3617474_640_512.png,063_peacock-3617474_640_512.png,inf,1.0,0.0,"[[[  0   0   0]
  [  0   0   0]
  [  0   0   0]
  ...
  [128   0   0]
  [128   0   0]
  [128   0   0]]

 [[  0   0   0]
  [  0   0   0]
  [  0   0   0]
  ...
  [128   0   0]
  [128   0   0]
  [128   0   0]]

 [[  0   0   0]
  [  0   0   0]
  [  0   0   0]
  ...
  [128   0   0]
  [128   0   0]
  [128   0   0]]

 ...

 [[  0   0   0]
  [  0   0   0]
  [  0   0   0]
  ...
  [128   0   0]
  [128   0   0]
  [128   0   0]]

 [[  0   0   0]
  [  0   0   0]
  [  0   0   0]
  ...
  [128   0   0]
  [128   0   0]
  [128   0   0]]

 [[  0   0   0]
  [  0   0   0]
  [  0   0   0]
  ...
  [128   0   0]
  [128   0   0]
  [128   0   0]]]",success,output/raster_comparison_results_512x512\diffs\063_peacock-3617474_640_512_diff.jpg
071_rooster-1867562_640_512.png,071_rooster-1867562_640_512.png,inf,1.0,0.0,"[[[  0   0   0]
  [  0   0   0]
  [  0   0   0]
  ...
  [128   0   0]
  [128   0   0]
  [128   0   0]]

 [[  0   0   0]
  [  0   0   0]
  [  0   0   0]
  ...
  [128   0   0]
  [128   0   0]
  [128   0   0]]

 [[  0   0   0]
  [  0   0   0]
  [  0   0   0]
  ...
  [128   0   0]
  [128   0   0]
  [128   0   0]]

 ...

 [[  0   0   0]
  [  0   0   0]
  [  0   0   0]
  ...
  [128   0   0]
  [128   0   0]
  [128   0   0]]

 [[  0   0   0]
  [  0   0   0]
  [  0   0   0]
  ...
  [128   0   0]
  [128   0   0]
  [128   0   0]]

 [[  0   0   0]
  [  0   0   0]
  [  0   0   0]
  ...
  [128   0   0]
  [128   0   0]
  [128   0   0]]]",success,output/raster_comparison_results_512x512\diffs\071_rooster-1867562_640_512_diff.jpg
107_barn-owl-2988291_1280_512.png,107_barn-owl-2988291_1280_512.png,inf,1.0,0.0,"[[[  0   0   0]
  [  0   0   0]
  [  0   0   0]
  ...
  [128   0   0]
  [128   0   0]
  [128   0   0]]

 [[  0   0   0]
  [  0   0   0]
  [  0   0   0]
  ...
  [128   0   0]
  [128   0   0]
  [128   0   0]]

 [[  0   0   0]
  [  0   0   0]
  [  0   0   0]
  ...
  [128   0   0]
  [128   0   0]
  [128   0   0]]

 ...

 [[  0   0   0]
  [  0   0   0]
  [  0   0   0]
  ...
  [128   0   0]
  [128   0   0]
  [128   0   0]]

 [[  0   0   0]
  [  0   0   0]
  [  0   0   0]
  ...
  [128   0   0]
  [128   0   0]
  [128   0   0]]

 [[  0   0   0]
  [  0   0   0]
  [  0   0   0]
  ...
  [128   0   0]
  [128   0   0]
  [128   0   0]]]",success,output/raster_comparison_results_512x512\diffs\107_barn-owl-2988291_1280_512_diff.jpg
083_hummingbird-5111260_640_512.png,083_hummingbird-5111260_640_512.png,inf,1.0,0.0,"[[[  0   0   0]
  [  0   0   0]
  [  0   0   0]
  ...
  [128   0   0]
  [128   0   0]
  [128   0   0]]

 [[  0   0   0]
  [  0   0   0]
  [  0   0   0]
  ...
  [128   0   0]
  [128   0   0]
  [128   0   0]]

 [[  0   0   0]
  [  0   0   0]
  [  0   0   0]
  ...
  [128   0   0]
  [128   0   0]
  [128   0   0]]

 ...

 [[  0   0   0]
  [  0   0   0]
  [  0   0   0]
  ...
  [128   0   0]
  [128   0   0]
  [128   0   0]]

 [[  0   0   0]
  [  0   0   0]
  [  0   0   0]
  ...
  [128   0   0]
  [128   0   0]
  [128   0   0]]

 [[  0   0   0]
  [  0   0   0]
  [  0   0   0]
  ...
  [128   0   0]
  [128   0   0]
  [128   0   0]]]",success,output/raster_comparison_results_512x512\diffs\083_hummingbird-5111260_640_512_diff.jpg
162_duckling-3524213_1280_512.png,162_duckling-3524213_1280_512.png,inf,1.0,0.0,"[[[  0   0   0]
  [  0   0   0]
  [  0   0   0]
  ...
  [128   0   0]
  [128   0   0]
  [128   0   0]]

 [[  0   0   0]
  [  0   0   0]
  [  0   0   0]
  ...
  [128   0   0]
  [128   0   0]
  [128   0   0]]

 [[  0   0   0]
  [  0   0   0]
  [  0   0   0]
  ...
  [128   0   0]
  [128   0   0]
  [128   0   0]]

 ...

 [[  0   0   0]
  [  0   0   0]
  [  0   0   0]
  ...
  [128   0   0]
  [128   0   0]
  [128   0   0]]

 [[  0   0   0]
  [  0   0   0]
  [  0   0   0]
  ...
  [128   0   0]
  [128   0   0]
  [128   0   0]]

 [[  0   0   0]
  [  0   0   0]
  [  0   0   0]
  ...
  [128   0   0]
  [128   0   0]
  [128   0   0]]]",success,output/raster_comparison_results_512x512\diffs\162_duckling-3524213_1280_512_diff.jpg
158_bird-3183441_1280_512.png,158_bird-3183441_1280_512.png,inf,1.0,0.0,"[[[  0   0   0]
  [  0   0   0]
  [  0   0   0]
  ...
  [128   0   0]
  [128   0   0]
  [128   0   0]]

 [[  0   0   0]
  [  0   0   0]
  [  0   0   0]
  ...
  [128   0   0]
  [128   0   0]
  [128   0   0]]

 [[  0   0   0]
  [  0   0   0]
  [  0   0   0]
  ...
  [128   0   0]
  [128   0   0]
  [128   0   0]]

 ...

 [[  0   0   0]
  [  0   0   0]
  [  0   0   0]
  ...
  [128   0   0]
  [128   0   0]
  [128   0   0]]

 [[  0   0   0]
  [  0   0   0]
  [  0   0   0]
  ...
  [128   0   0]
  [128   0   0]
  [128   0   0]]

 [[  0   0   0]
  [  0   0   0]
  [  0   0   0]
  ...
  [128   0   0]
  [128   0   0]
  [128   0   0]]]",success,output/raster_comparison_results_512x512\diffs\158_bird-3183441_1280_512_diff.jpg
141_swan-2077219_1280_512.png,141_swan-2077219_1280_512.png,inf,1.0,0.0,"[[[  0   0   0]
  [  0   0   0]
  [  0   0   0]
  ...
  [128   0   0]
  [128   0   0]
  [128   0   0]]

 [[  0   0   0]
  [  0   0   0]
  [  0   0   0]
  ...
  [128   0   0]
  [128   0   0]
  [128   0   0]]

 [[  0   0   0]
  [  0   0   0]
  [  0   0   0]
  ...
  [128   0   0]
  [128   0   0]
  [128   0   0]]

 ...

 [[  0   0   0]
  [  0   0   0]
  [  0   0   0]
  ...
  [128   0   0]
  [128   0   0]
  [128   0   0]]

 [[  0   0   0]
  [  0   0   0]
  [  0   0   0]
  ...
  [128   0   0]
  [128   0   0]
  [128   0   0]]

 [[  0   0   0]
  [  0   0   0]
  [  0   0   0]
  ...
  [128   0   0]
  [128   0   0]
  [128   0   0]]]",success,output/raster_comparison_results_512x512\diffs\141_swan-2077219_1280_512_diff.jpg
150_grey-crowned-cranes-540657_1280_512.png,150_grey-crowned-cranes-540657_1280_512.png,inf,1.0,0.0,"[[[  0   0   0]
  [  0   0   0]
  [  0   0   0]
  ...
  [128   0   0]
  [128   0   0]
  [128   0   0]]

 [[  0   0   0]
  [  0   0   0]
  [  0   0   0]
  ...
  [128   0   0]
  [128   0   0]
  [128   0   0]]

 [[  0   0   0]
  [  0   0   0]
  [  0   0   0]
  ...
  [128   0   0]
  [128   0   0]
  [128   0   0]]

 ...

 [[  0   0   0]
  [  0   0   0]
  [  0   0   0]
  ...
  [128   0   0]
  [128   0   0]
  [128   0   0]]

 [[  0   0   0]
  [  0   0   0]
  [  0   0   0]
  ...
  [128   0   0]
  [128   0   0]
  [128   0   0]]

 [[  0   0   0]
  [  0   0   0]
  [  0   0   0]
  ...
  [128   0   0]
  [128   0   0]
  [128   0   0]]]",success,output/raster_comparison_results_512x512\diffs\150_grey-crowned-cranes-540657_1280_512_diff.jpg
087_owl-3649048_640_512.png,087_owl-3649048_640_512.png,inf,1.0,0.0,"[[[  0   0   0]
  [  0   0   0]
  [  0   0   0]
  ...
  [128   0   0]
  [128   0   0]
  [128   0   0]]

 [[  0   0   0]
  [  0   0   0]
  [  0   0   0]
  ...
  [128   0   0]
  [128   0   0]
  [128   0   0]]

 [[  0   0   0]
  [  0   0   0]
  [  0   0   0]
  ...
  [128   0   0]
  [128   0   0]
  [128   0   0]]

 ...

 [[  0   0   0]
  [  0   0   0]
  [  0   0   0]
  ...
  [128   0   0]
  [128   0   0]
  [128   0   0]]

 [[  0   0   0]
  [  0   0   0]
  [  0   0   0]
  ...
  [128   0   0]
  [128   0   0]
  [128   0   0]]

 [[  0   0   0]
  [  0   0   0]
  [  0   0   0]
  ...
  [128   0   0]
  [128   0   0]
  [128   0   0]]]",success,output/raster_comparison_results_512x512\diffs\087_owl-3649048_640_512_diff.jpg
053_seagull-3465550_640_512.png,053_seagull-3465550_640_512.png,inf,1.0,0.0,"[[[  0   0   0]
  [  0   0   0]
  [  0   0   0]
  ...
  [128   0   0]
  [128   0   0]
  [128   0   0]]

 [[  0   0   0]
  [  0   0   0]
  [  0   0   0]
  ...
  [128   0   0]
  [128   0   0]
  [128   0   0]]

 [[  0   0   0]
  [  0   0   0]
  [  0   0   0]
  ...
  [128   0   0]
  [128   0   0]
  [128   0   0]]

 ...

 [[  0   0   0]
  [  0   0   0]
  [  0   0   0]
  ...
  [128   0   0]
  [128   0   0]
  [128   0   0]]

 [[  0   0   0]
  [  0   0   0]
  [  0   0   0]
  ...
  [128   0   0]
  [128   0   0]
  [128   0   0]]

 [[  0   0   0]
  [  0   0   0]
  [  0   0   0]
  ...
  [128   0   0]
  [128   0   0]
  [128   0   0]]]",success,output/raster_comparison_results_512x512\diffs\053_seagull-3465550_640_512_diff.jpg
145_owl-1576572_1280_512.png,145_owl-1576572_1280_512.png,inf,1.0,0.0,"[[[  0   0   0]
  [  0   0   0]
  [  0   0   0]
  ...
  [128   0   0]
  [128   0   0]
  [128   0   0]]

 [[  0   0   0]
  [  0   0   0]
  [  0   0   0]
  ...
  [128   0   0]
  [128   0   0]
  [128   0   0]]

 [[  0   0   0]
  [  0   0   0]
  [  0   0   0]
  ...
  [128   0   0]
  [128   0   0]
  [128   0   0]]

 ...

 [[  0   0   0]
  [  0   0   0]
  [  0   0   0]
  ...
  [128   0   0]
  [128   0   0]
  [128   0   0]]

 [[  0   0   0]
  [  0   0   0]
  [  0   0   0]
  ...
  [128   0   0]
  [128   0   0]
  [128   0   0]]

 [[  0   0   0]
  [  0   0   0]
  [  0   0   0]
  ...
  [128   0   0]
  [128   0   0]
  [128   0   0]]]",success,output/raster_comparison_results_512x512\diffs\145_owl-1576572_1280_512_diff.jpg
014_bird-9950_640_512.png,014_bird-9950_640_512.png,inf,1.0,0.0,"[[[  0   0   0]
  [  0   0   0]
  [  0   0   0]
  ...
  [128   0   0]
  [128   0   0]
  [128   0   0]]

 [[  0   0   0]
  [  0   0   0]
  [  0   0   0]
  ...
  [128   0   0]
  [128   0   0]
  [128   0   0]]

 [[  0   0   0]
  [  0   0   0]
  [  0   0   0]
  ...
  [128   0   0]
  [128   0   0]
  [128   0   0]]

 ...

 [[  0   0   0]
  [  0   0   0]
  [  0   0   0]
  ...
  [128   0   0]
  [128   0   0]
  [128   0   0]]

 [[  0   0   0]
  [  0   0   0]
  [  0   0   0]
  ...
  [128   0   0]
  [128   0   0]
  [128   0   0]]

 [[  0   0   0]
  [  0   0   0]
  [  0   0   0]
  ...
  [128   0   0]
  [128   0   0]
  [128   0   0]]]",success,output/raster_comparison_results_512x512\diffs\014_bird-9950_640_512_diff.jpg
007_bird-2295436_640_512.png,007_bird-2295436_640_512.png,inf,1.0,0.0,"[[[  0   0   0]
  [  0   0   0]
  [  0   0   0]
  ...
  [128   0   0]
  [128   0   0]
  [128   0   0]]

 [[  0   0   0]
  [  0   0   0]
  [  0   0   0]
  ...
  [128   0   0]
  [128   0   0]
  [128   0   0]]

 [[  0   0   0]
  [  0   0   0]
  [  0   0   0]
  ...
  [128   0   0]
  [128   0   0]
  [128   0   0]]

 ...

 [[  0   0   0]
  [  0   0   0]
  [  0   0   0]
  ...
  [128   0   0]
  [128   0   0]
  [128   0   0]]

 [[  0   0   0]
  [  0   0   0]
  [  0   0   0]
  ...
  [128   0   0]
  [128   0   0]
  [128   0   0]]

 [[  0   0   0]
  [  0   0   0]
  [  0   0   0]
  ...
  [128   0   0]
  [128   0   0]
  [128   0   0]]]",success,output/raster_comparison_results_512x512\diffs\007_bird-2295436_640_512_diff.jpg
185_hummingbird-5111260_1280_512.png,185_hummingbird-5111260_1280_512.png,inf,1.0,0.0,"[[[  0   0   0]
  [  0   0   0]
  [  0   0   0]
  ...
  [128   0   0]
  [128   0   0]
  [128   0   0]]

 [[  0   0   0]
  [  0   0   0]
  [  0   0   0]
  ...
  [128   0   0]
  [128   0   0]
  [128   0   0]]

 [[  0   0   0]
  [  0   0   0]
  [  0   0   0]
  ...
  [128   0   0]
  [128   0   0]
  [128   0   0]]

 ...

 [[  0   0   0]
  [  0   0   0]
  [  0   0   0]
  ...
  [128   0   0]
  [128   0   0]
  [128   0   0]]

 [[  0   0   0]
  [  0   0   0]
  [  0   0   0]
  ...
  [128   0   0]
  [128   0   0]
  [128   0   0]]

 [[  0   0   0]
  [  0   0   0]
  [  0   0   0]
  ...
  [128   0   0]
  [128   0   0]
  [128   0   0]]]",success,output/raster_comparison_results_512x512\diffs\185_hummingbird-5111260_1280_512_diff.jpg
148_robin-8446944_1280_512.png,148_robin-8446944_1280_512.png,inf,1.0,0.0,"[[[  0   0   0]
  [  0   0   0]
  [  0   0   0]
  ...
  [128   0   0]
  [128   0   0]
  [128   0   0]]

 [[  0   0   0]
  [  0   0   0]
  [  0   0   0]
  ...
  [128   0   0]
  [128   0   0]
  [128   0   0]]

 [[  0   0   0]
  [  0   0   0]
  [  0   0   0]
  ...
  [128   0   0]
  [128   0   0]
  [128   0   0]]

 ...

 [[  0   0   0]
  [  0   0   0]
  [  0   0   0]
  ...
  [128   0   0]
  [128   0   0]
  [128   0   0]]

 [[  0   0   0]
  [  0   0   0]
  [  0   0   0]
  ...
  [128   0   0]
  [128   0   0]
  [128   0   0]]

 [[  0   0   0]
  [  0   0   0]
  [  0   0   0]
  ...
  [128   0   0]
  [128   0   0]
  [128   0   0]]]",success,output/raster_comparison_results_512x512\diffs\148_robin-8446944_1280_512_diff.jpg
054_hummingbird-5255827_640_512.png,054_hummingbird-5255827_640_512.png,inf,1.0,0.0,"[[[  0   0   0]
  [  0   0   0]
  [  0   0   0]
  ...
  [128   0   0]
  [128   0   0]
  [128   0   0]]

 [[  0   0   0]
  [  0   0   0]
  [  0   0   0]
  ...
  [128   0   0]
  [128   0   0]
  [128   0   0]]

 [[  0   0   0]
  [  0   0   0]
  [  0   0   0]
  ...
  [128   0   0]
  [128   0   0]
  [128   0   0]]

 ...

 [[  0   0   0]
  [  0   0   0]
  [  0   0   0]
  ...
  [128   0   0]
  [128   0   0]
  [128   0   0]]

 [[  0   0   0]
  [  0   0   0]
  [  0   0   0]
  ...
  [128   0   0]
  [128   0   0]
  [128   0   0]]

 [[  0   0   0]
  [  0   0   0]
  [  0   0   0]
  ...
  [128   0   0]
  [128   0   0]
  [128   0   0]]]",success,output/raster_comparison_results_512x512\diffs\054_hummingbird-5255827_640_512_diff.jpg
011_swan-2350668_640_512.png,011_swan-2350668_640_512.png,inf,1.0,0.0,"[[[  0   0   0]
  [  0   0   0]
  [  0   0   0]
  ...
  [128   0   0]
  [128   0   0]
  [128   0   0]]

 [[  0   0   0]
  [  0   0   0]
  [  0   0   0]
  ...
  [128   0   0]
  [128   0   0]
  [128   0   0]]

 [[  0   0   0]
  [  0   0   0]
  [  0   0   0]
  ...
  [128   0   0]
  [128   0   0]
  [128   0   0]]

 ...

 [[  0   0   0]
  [  0   0   0]
  [  0   0   0]
  ...
  [128   0   0]
  [128   0   0]
  [128   0   0]]

 [[  0   0   0]
  [  0   0   0]
  [  0   0   0]
  ...
  [128   0   0]
  [128   0   0]
  [128   0   0]]

 [[  0   0   0]
  [  0   0   0]
  [  0   0   0]
  ...
  [128   0   0]
  [128   0   0]
  [128   0   0]]]",success,output/raster_comparison_results_512x512\diffs\011_swan-2350668_640_512_diff.jpg
018_jay-548381_640_512.png,018_jay-548381_640_512.png,inf,1.0,0.0,"[[[  0   0   0]
  [  0   0   0]
  [  0   0   0]
  ...
  [128   0   0]
  [128   0   0]
  [128   0   0]]

 [[  0   0   0]
  [  0   0   0]
  [  0   0   0]
  ...
  [128   0   0]
  [128   0   0]
  [128   0   0]]

 [[  0   0   0]
  [  0   0   0]
  [  0   0   0]
  ...
  [128   0   0]
  [128   0   0]
  [128   0   0]]

 ...

 [[  0   0   0]
  [  0   0   0]
  [  0   0   0]
  ...
  [128   0   0]
  [128   0   0]
  [128   0   0]]

 [[  0   0   0]
  [  0   0   0]
  [  0   0   0]
  ...
  [128   0   0]
  [128   0   0]
  [128   0   0]]

 [[  0   0   0]
  [  0   0   0]
  [  0   0   0]
  ...
  [128   0   0]
  [128   0   0]
  [128   0   0]]]",success,output/raster_comparison_results_512x512\diffs\018_jay-548381_640_512_diff.jpg
154_peafowl-816981_1280_512.png,154_peafowl-816981_1280_512.png,inf,1.0,0.0,"[[[  0   0   0]
  [  0   0   0]
  [  0   0   0]
  ...
  [128   0   0]
  [128   0   0]
  [128   0   0]]

 [[  0   0   0]
  [  0   0   0]
  [  0   0   0]
  ...
  [128   0   0]
  [128   0   0]
  [128   0   0]]

 [[  0   0   0]
  [  0   0   0]
  [  0   0   0]
  ...
  [128   0   0]
  [128   0   0]
  [128   0   0]]

 ...

 [[  0   0   0]
  [  0   0   0]
  [  0   0   0]
  ...
  [128   0   0]
  [128   0   0]
  [128   0   0]]

 [[  0   0   0]
  [  0   0   0]
  [  0   0   0]
  ...
  [128   0   0]
  [128   0   0]
  [128   0   0]]

 [[  0   0   0]
  [  0   0   0]
  [  0   0   0]
  ...
  [128   0   0]
  [128   0   0]
  [128   0   0]]]",success,output/raster_comparison_results_512x512\diffs\154_peafowl-816981_1280_512_diff.jpg
171_jay-548381_1280_512.png,171_jay-548381_1280_512.png,inf,1.0,0.0,"[[[  0   0   0]
  [  0   0   0]
  [  0   0   0]
  ...
  [128   0   0]
  [128   0   0]
  [128   0   0]]

 [[  0   0   0]
  [  0   0   0]
  [  0   0   0]
  ...
  [128   0   0]
  [128   0   0]
  [128   0   0]]

 [[  0   0   0]
  [  0   0   0]
  [  0   0   0]
  ...
  [128   0   0]
  [128   0   0]
  [128   0   0]]

 ...

 [[  0   0   0]
  [  0   0   0]
  [  0   0   0]
  ...
  [128   0   0]
  [128   0   0]
  [128   0   0]]

 [[  0   0   0]
  [  0   0   0]
  [  0   0   0]
  ...
  [128   0   0]
  [128   0   0]
  [128   0   0]]

 [[  0   0   0]
  [  0   0   0]
  [  0   0   0]
  ...
  [128   0   0]
  [128   0   0]
  [128   0   0]]]",success,output/raster_comparison_results_512x512\diffs\171_jay-548381_1280_512_diff.jpg
006_bird-1905255_640_512.png,006_bird-1905255_640_512.png,inf,1.0,0.0,"[[[  0   0   0]
  [  0   0   0]
  [  0   0   0]
  ...
  [128   0   0]
  [128   0   0]
  [128   0   0]]

 [[  0   0   0]
  [  0   0   0]
  [  0   0   0]
  ...
  [128   0   0]
  [128   0   0]
  [128   0   0]]

 [[  0   0   0]
  [  0   0   0]
  [  0   0   0]
  ...
  [128   0   0]
  [128   0   0]
  [128   0   0]]

 ...

 [[  0   0   0]
  [  0   0   0]
  [  0   0   0]
  ...
  [128   0   0]
  [128   0   0]
  [128   0   0]]

 [[  0   0   0]
  [  0   0   0]
  [  0   0   0]
  ...
  [128   0   0]
  [128   0   0]
  [128   0   0]]

 [[  0   0   0]
  [  0   0   0]
  [  0   0   0]
  ...
  [128   0   0]
  [128   0   0]
  [128   0   0]]]",success,output/raster_comparison_results_512x512\diffs\006_bird-1905255_640_512_diff.jpg
179_owl-3184032_1280_512.png,179_owl-3184032_1280_512.png,inf,1.0,0.0,"[[[  0   0   0]
  [  0   0   0]
  [  0   0   0]
  ...
  [128   0   0]
  [128   0   0]
  [128   0   0]]

 [[  0   0   0]
  [  0   0   0]
  [  0   0   0]
  ...
  [128   0   0]
  [128   0   0]
  [128   0   0]]

 [[  0   0   0]
  [  0   0   0]
  [  0   0   0]
  ...
  [128   0   0]
  [128   0   0]
  [128   0   0]]

 ...

 [[  0   0   0]
  [  0   0   0]
  [  0   0   0]
  ...
  [128   0   0]
  [128   0   0]
  [128   0   0]]

 [[  0   0   0]
  [  0   0   0]
  [  0   0   0]
  ...
  [128   0   0]
  [128   0   0]
  [128   0   0]]

 [[  0   0   0]
  [  0   0   0]
  [  0   0   0]
  ...
  [128   0   0]
  [128   0   0]
  [128   0   0]]]",success,output/raster_comparison_results_512x512\diffs\179_owl-3184032_1280_512_diff.jpg
027_bird-386725_640_512.png,027_bird-386725_640_512.png,inf,1.0,0.0,"[[[  0   0   0]
  [  0   0   0]
  [  0   0   0]
  ...
  [128   0   0]
  [128   0   0]
  [128   0   0]]

 [[  0   0   0]
  [  0   0   0]
  [  0   0   0]
  ...
  [128   0   0]
  [128   0   0]
  [128   0   0]]

 [[  0   0   0]
  [  0   0   0]
  [  0   0   0]
  ...
  [128   0   0]
  [128   0   0]
  [128   0   0]]

 ...

 [[  0   0   0]
  [  0   0   0]
  [  0   0   0]
  ...
  [128   0   0]
  [128   0   0]
  [128   0   0]]

 [[  0   0   0]
  [  0   0   0]
  [  0   0   0]
  ...
  [128   0   0]
  [128   0   0]
  [128   0   0]]

 [[  0   0   0]
  [  0   0   0]
  [  0   0   0]
  ...
  [128   0   0]
  [128   0   0]
  [128   0   0]]]",success,output/raster_comparison_results_512x512\diffs\027_bird-386725_640_512_diff.jpg
109_cardinal-1884283_1280_512.png,109_cardinal-1884283_1280_512.png,inf,1.0,0.0,"[[[  0   0   0]
  [  0   0   0]
  [  0   0   0]
  ...
  [128   0   0]
  [128   0   0]
  [128   0   0]]

 [[  0   0   0]
  [  0   0   0]
  [  0   0   0]
  ...
  [128   0   0]
  [128   0   0]
  [128   0   0]]

 [[  0   0   0]
  [  0   0   0]
  [  0   0   0]
  ...
  [128   0   0]
  [128   0   0]
  [128   0   0]]

 ...

 [[  0   0   0]
  [  0   0   0]
  [  0   0   0]
  ...
  [128   0   0]
  [128   0   0]
  [128   0   0]]

 [[  0   0   0]
  [  0   0   0]
  [  0   0   0]
  ...
  [128   0   0]
  [128   0   0]
  [128   0   0]]

 [[  0   0   0]
  [  0   0   0]
  [  0   0   0]
  ...
  [128   0   0]
  [128   0   0]
  [128   0   0]]]",success,output/raster_comparison_results_512x512\diffs\109_cardinal-1884283_1280_512_diff.jpg
058_eagle-1072696_640_512.png,058_eagle-1072696_640_512.png,inf,1.0,0.0,"[[[  0   0   0]
  [  0   0   0]
  [  0   0   0]
  ...
  [128   0   0]
  [128   0   0]
  [128   0   0]]

 [[  0   0   0]
  [  0   0   0]
  [  0   0   0]
  ...
  [128   0   0]
  [128   0   0]
  [128   0   0]]

 [[  0   0   0]
  [  0   0   0]
  [  0   0   0]
  ...
  [128   0   0]
  [128   0   0]
  [128   0   0]]

 ...

 [[  0   0   0]
  [  0   0   0]
  [  0   0   0]
  ...
  [128   0   0]
  [128   0   0]
  [128   0   0]]

 [[  0   0   0]
  [  0   0   0]
  [  0   0   0]
  ...
  [128   0   0]
  [128   0   0]
  [128   0   0]]

 [[  0   0   0]
  [  0   0   0]
  [  0   0   0]
  ...
  [128   0   0]
  [128   0   0]
  [128   0   0]]]",success,output/raster_comparison_results_512x512\diffs\058_eagle-1072696_640_512_diff.jpg
032_grey-crowned-cranes-540657_640_512.png,032_grey-crowned-cranes-540657_640_512.png,inf,1.0,0.0,"[[[  0   0   0]
  [  0   0   0]
  [  0   0   0]
  ...
  [128   0   0]
  [128   0   0]
  [128   0   0]]

 [[  0   0   0]
  [  0   0   0]
  [  0   0   0]
  ...
  [128   0   0]
  [128   0   0]
  [128   0   0]]

 [[  0   0   0]
  [  0   0   0]
  [  0   0   0]
  ...
  [128   0   0]
  [128   0   0]
  [128   0   0]]

 ...

 [[  0   0   0]
  [  0   0   0]
  [  0   0   0]
  ...
  [128   0   0]
  [128   0   0]
  [128   0   0]]

 [[  0   0   0]
  [  0   0   0]
  [  0   0   0]
  ...
  [128   0   0]
  [128   0   0]
  [128   0   0]]

 [[  0   0   0]
  [  0   0   0]
  [  0   0   0]
  ...
  [128   0   0]
  [128   0   0]
  [128   0   0]]]",success,output/raster_comparison_results_512x512\diffs\032_grey-crowned-cranes-540657_640_512_diff.jpg
098_dove-2516641_1280_512.png,098_dove-2516641_1280_512.png,inf,1.0,0.0,"[[[  0   0   0]
  [  0   0   0]
  [  0   0   0]
  ...
  [128   0   0]
  [128   0   0]
  [128   0   0]]

 [[  0   0   0]
  [  0   0   0]
  [  0   0   0]
  ...
  [128   0   0]
  [128   0   0]
  [128   0   0]]

 [[  0   0   0]
  [  0   0   0]
  [  0   0   0]
  ...
  [128   0   0]
  [128   0   0]
  [128   0   0]]

 ...

 [[  0   0   0]
  [  0   0   0]
  [  0   0   0]
  ...
  [128   0   0]
  [128   0   0]
  [128   0   0]]

 [[  0   0   0]
  [  0   0   0]
  [  0   0   0]
  ...
  [128   0   0]
  [128   0   0]
  [128   0   0]]

 [[  0   0   0]
  [  0   0   0]
  [  0   0   0]
  ...
  [128   0   0]
  [128   0   0]
  [128   0   0]]]",success,output/raster_comparison_results_512x512\diffs\098_dove-2516641_1280_512_diff.jpg
108_kingfisher-881975_1280_512.png,108_kingfisher-881975_1280_512.png,inf,1.0,0.0,"[[[  0   0   0]
  [  0   0   0]
  [  0   0   0]
  ...
  [128   0   0]
  [128   0   0]
  [128   0   0]]

 [[  0   0   0]
  [  0   0   0]
  [  0   0   0]
  ...
  [128   0   0]
  [128   0   0]
  [128   0   0]]

 [[  0   0   0]
  [  0   0   0]
  [  0   0   0]
  ...
  [128   0   0]
  [128   0   0]
  [128   0   0]]

 ...

 [[  0   0   0]
  [  0   0   0]
  [  0   0   0]
  ...
  [128   0   0]
  [128   0   0]
  [128   0   0]]

 [[  0   0   0]
  [  0   0   0]
  [  0   0   0]
  ...
  [128   0   0]
  [128   0   0]
  [128   0   0]]

 [[  0   0   0]
  [  0   0   0]
  [  0   0   0]
  ...
  [128   0   0]
  [128   0   0]
  [128   0   0]]]",success,output/raster_comparison_results_512x512\diffs\108_kingfisher-881975_1280_512_diff.jpg
022_hummingbird-1823829_640_512.png,022_hummingbird-1823829_640_512.png,inf,1.0,0.0,"[[[  0   0   0]
  [  0   0   0]
  [  0   0   0]
  ...
  [128   0   0]
  [128   0   0]
  [128   0   0]]

 [[  0   0   0]
  [  0   0   0]
  [  0   0   0]
  ...
  [128   0   0]
  [128   0   0]
  [128   0   0]]

 [[  0   0   0]
  [  0   0   0]
  [  0   0   0]
  ...
  [128   0   0]
  [128   0   0]
  [128   0   0]]

 ...

 [[  0   0   0]
  [  0   0   0]
  [  0   0   0]
  ...
  [128   0   0]
  [128   0   0]
  [128   0   0]]

 [[  0   0   0]
  [  0   0   0]
  [  0   0   0]
  ...
  [128   0   0]
  [128   0   0]
  [128   0   0]]

 [[  0   0   0]
  [  0   0   0]
  [  0   0   0]
  ...
  [128   0   0]
  [128   0   0]
  [128   0   0]]]",success,output/raster_comparison_results_512x512\diffs\022_hummingbird-1823829_640_512_diff.jpg
016_bird-2295431_640_512.png,016_bird-2295431_640_512.png,inf,1.0,0.0,"[[[  0   0   0]
  [  0   0   0]
  [  0   0   0]
  ...
  [128   0   0]
  [128   0   0]
  [128   0   0]]

 [[  0   0   0]
  [  0   0   0]
  [  0   0   0]
  ...
  [128   0   0]
  [128   0   0]
  [128   0   0]]

 [[  0   0   0]
  [  0   0   0]
  [  0   0   0]
  ...
  [128   0   0]
  [128   0   0]
  [128   0   0]]

 ...

 [[  0   0   0]
  [  0   0   0]
  [  0   0   0]
  ...
  [128   0   0]
  [128   0   0]
  [128   0   0]]

 [[  0   0   0]
  [  0   0   0]
  [  0   0   0]
  ...
  [128   0   0]
  [128   0   0]
  [128   0   0]]

 [[  0   0   0]
  [  0   0   0]
  [  0   0   0]
  ...
  [128   0   0]
  [128   0   0]
  [128   0   0]]]",success,output/raster_comparison_results_512x512\diffs\016_bird-2295431_640_512_diff.jpg
176_eagle-1753002_1280_512.png,176_eagle-1753002_1280_512.png,inf,1.0,0.0,"[[[  0   0   0]
  [  0   0   0]
  [  0   0   0]
  ...
  [128   0   0]
  [128   0   0]
  [128   0   0]]

 [[  0   0   0]
  [  0   0   0]
  [  0   0   0]
  ...
  [128   0   0]
  [128   0   0]
  [128   0   0]]

 [[  0   0   0]
  [  0   0   0]
  [  0   0   0]
  ...
  [128   0   0]
  [128   0   0]
  [128   0   0]]

 ...

 [[  0   0   0]
  [  0   0   0]
  [  0   0   0]
  ...
  [128   0   0]
  [128   0   0]
  [128   0   0]]

 [[  0   0   0]
  [  0   0   0]
  [  0   0   0]
  ...
  [128   0   0]
  [128   0   0]
  [128   0   0]]

 [[  0   0   0]
  [  0   0   0]
  [  0   0   0]
  ...
  [128   0   0]
  [128   0   0]
  [128   0   0]]]",success,output/raster_comparison_results_512x512\diffs\176_eagle-1753002_1280_512_diff.jpg
149_bird-9950_1280_512.png,149_bird-9950_1280_512.png,inf,1.0,0.0,"[[[  0   0   0]
  [  0   0   0]
  [  0   0   0]
  ...
  [128   0   0]
  [128   0   0]
  [128   0   0]]

 [[  0   0   0]
  [  0   0   0]
  [  0   0   0]
  ...
  [128   0   0]
  [128   0   0]
  [128   0   0]]

 [[  0   0   0]
  [  0   0   0]
  [  0   0   0]
  ...
  [128   0   0]
  [128   0   0]
  [128   0   0]]

 ...

 [[  0   0   0]
  [  0   0   0]
  [  0   0   0]
  ...
  [128   0   0]
  [128   0   0]
  [128   0   0]]

 [[  0   0   0]
  [  0   0   0]
  [  0   0   0]
  ...
  [128   0   0]
  [128   0   0]
  [128   0   0]]

 [[  0   0   0]
  [  0   0   0]
  [  0   0   0]
  ...
  [128   0   0]
  [128   0   0]
  [128   0   0]]]",success,output/raster_comparison_results_512x512\diffs\149_bird-9950_1280_512_diff.jpg
045_seagulls-815304_640_512.png,045_seagulls-815304_640_512.png,inf,1.0,0.0,"[[[  0   0   0]
  [  0   0   0]
  [  0   0   0]
  ...
  [128   0   0]
  [128   0   0]
  [128   0   0]]

 [[  0   0   0]
  [  0   0   0]
  [  0   0   0]
  ...
  [128   0   0]
  [128   0   0]
  [128   0   0]]

 [[  0   0   0]
  [  0   0   0]
  [  0   0   0]
  ...
  [128   0   0]
  [128   0   0]
  [128   0   0]]

 ...

 [[  0   0   0]
  [  0   0   0]
  [  0   0   0]
  ...
  [128   0   0]
  [128   0   0]
  [128   0   0]]

 [[  0   0   0]
  [  0   0   0]
  [  0   0   0]
  ...
  [128   0   0]
  [128   0   0]
  [128   0   0]]

 [[  0   0   0]
  [  0   0   0]
  [  0   0   0]
  ...
  [128   0   0]
  [128   0   0]
  [128   0   0]]]",success,output/raster_comparison_results_512x512\diffs\045_seagulls-815304_640_512_diff.jpg
114_swan-3466606_1280_512.png,114_swan-3466606_1280_512.png,inf,1.0,0.0,"[[[  0   0   0]
  [  0   0   0]
  [  0   0   0]
  ...
  [128   0   0]
  [128   0   0]
  [128   0   0]]

 [[  0   0   0]
  [  0   0   0]
  [  0   0   0]
  ...
  [128   0   0]
  [128   0   0]
  [128   0   0]]

 [[  0   0   0]
  [  0   0   0]
  [  0   0   0]
  ...
  [128   0   0]
  [128   0   0]
  [128   0   0]]

 ...

 [[  0   0   0]
  [  0   0   0]
  [  0   0   0]
  ...
  [128   0   0]
  [128   0   0]
  [128   0   0]]

 [[  0   0   0]
  [  0   0   0]
  [  0   0   0]
  ...
  [128   0   0]
  [128   0   0]
  [128   0   0]]

 [[  0   0   0]
  [  0   0   0]
  [  0   0   0]
  ...
  [128   0   0]
  [128   0   0]
  [128   0   0]]]",success,output/raster_comparison_results_512x512\diffs\114_swan-3466606_1280_512_diff.jpg
059_bird-3743094_640_512.png,059_bird-3743094_640_512.png,inf,1.0,0.0,"[[[  0   0   0]
  [  0   0   0]
  [  0   0   0]
  ...
  [128   0   0]
  [128   0   0]
  [128   0   0]]

 [[  0   0   0]
  [  0   0   0]
  [  0   0   0]
  ...
  [128   0   0]
  [128   0   0]
  [128   0   0]]

 [[  0   0   0]
  [  0   0   0]
  [  0   0   0]
  ...
  [128   0   0]
  [128   0   0]
  [128   0   0]]

 ...

 [[  0   0   0]
  [  0   0   0]
  [  0   0   0]
  ...
  [128   0   0]
  [128   0   0]
  [128   0   0]]

 [[  0   0   0]
  [  0   0   0]
  [  0   0   0]
  ...
  [128   0   0]
  [128   0   0]
  [128   0   0]]

 [[  0   0   0]
  [  0   0   0]
  [  0   0   0]
  ...
  [128   0   0]
  [128   0   0]
  [128   0   0]]]",success,output/raster_comparison_results_512x512\diffs\059_bird-3743094_640_512_diff.jpg
120_bird-1905255_1280_512.png,120_bird-1905255_1280_512.png,inf,1.0,0.0,"[[[  0   0   0]
  [  0   0   0]
  [  0   0   0]
  ...
  [128   0   0]
  [128   0   0]
  [128   0   0]]

 [[  0   0   0]
  [  0   0   0]
  [  0   0   0]
  ...
  [128   0   0]
  [128   0   0]
  [128   0   0]]

 [[  0   0   0]
  [  0   0   0]
  [  0   0   0]
  ...
  [128   0   0]
  [128   0   0]
  [128   0   0]]

 ...

 [[  0   0   0]
  [  0   0   0]
  [  0   0   0]
  ...
  [128   0   0]
  [128   0   0]
  [128   0   0]]

 [[  0   0   0]
  [  0   0   0]
  [  0   0   0]
  ...
  [128   0   0]
  [128   0   0]
  [128   0   0]]

 [[  0   0   0]
  [  0   0   0]
  [  0   0   0]
  ...
  [128   0   0]
  [128   0   0]
  [128   0   0]]]",success,output/raster_comparison_results_512x512\diffs\120_bird-1905255_1280_512_diff.jpg
152_kingfisher-3159334_1280_512.png,152_kingfisher-3159334_1280_512.png,inf,1.0,0.0,"[[[  0   0   0]
  [  0   0   0]
  [  0   0   0]
  ...
  [128   0   0]
  [128   0   0]
  [128   0   0]]

 [[  0   0   0]
  [  0   0   0]
  [  0   0   0]
  ...
  [128   0   0]
  [128   0   0]
  [128   0   0]]

 [[  0   0   0]
  [  0   0   0]
  [  0   0   0]
  ...
  [128   0   0]
  [128   0   0]
  [128   0   0]]

 ...

 [[  0   0   0]
  [  0   0   0]
  [  0   0   0]
  ...
  [128   0   0]
  [128   0   0]
  [128   0   0]]

 [[  0   0   0]
  [  0   0   0]
  [  0   0   0]
  ...
  [128   0   0]
  [128   0   0]
  [128   0   0]]

 [[  0   0   0]
  [  0   0   0]
  [  0   0   0]
  ...
  [128   0   0]
  [128   0   0]
  [128   0   0]]]",success,output/raster_comparison_results_512x512\diffs\152_kingfisher-3159334_1280_512_diff.jpg
029_kingfisher-3159334_640_512.png,029_kingfisher-3159334_640_512.png,inf,1.0,0.0,"[[[  0   0   0]
  [  0   0   0]
  [  0   0   0]
  ...
  [128   0   0]
  [128   0   0]
  [128   0   0]]

 [[  0   0   0]
  [  0   0   0]
  [  0   0   0]
  ...
  [128   0   0]
  [128   0   0]
  [128   0   0]]

 [[  0   0   0]
  [  0   0   0]
  [  0   0   0]
  ...
  [128   0   0]
  [128   0   0]
  [128   0   0]]

 ...

 [[  0   0   0]
  [  0   0   0]
  [  0   0   0]
  ...
  [128   0   0]
  [128   0   0]
  [128   0   0]]

 [[  0   0   0]
  [  0   0   0]
  [  0   0   0]
  ...
  [128   0   0]
  [128   0   0]
  [128   0   0]]

 [[  0   0   0]
  [  0   0   0]
  [  0   0   0]
  ...
  [128   0   0]
  [128   0   0]
  [128   0   0]]]",success,output/raster_comparison_results_512x512\diffs\029_kingfisher-3159334_640_512_diff.jpg
126_kingfisher-2046453_1280_512.png,126_kingfisher-2046453_1280_512.png,inf,1.0,0.0,"[[[  0   0   0]
  [  0   0   0]
  [  0   0   0]
  ...
  [128   0   0]
  [128   0   0]
  [128   0   0]]

 [[  0   0   0]
  [  0   0   0]
  [  0   0   0]
  ...
  [128   0   0]
  [128   0   0]
  [128   0   0]]

 [[  0   0   0]
  [  0   0   0]
  [  0   0   0]
  ...
  [128   0   0]
  [128   0   0]
  [128   0   0]]

 ...

 [[  0   0   0]
  [  0   0   0]
  [  0   0   0]
  ...
  [128   0   0]
  [128   0   0]
  [128   0   0]]

 [[  0   0   0]
  [  0   0   0]
  [  0   0   0]
  ...
  [128   0   0]
  [128   0   0]
  [128   0   0]]

 [[  0   0   0]
  [  0   0   0]
  [  0   0   0]
  ...
  [128   0   0]
  [128   0   0]
  [128   0   0]]]",success,output/raster_comparison_results_512x512\diffs\126_kingfisher-2046453_1280_512_diff.jpg
047_winter-843578_640_512.png,047_winter-843578_640_512.png,inf,1.0,0.0,"[[[  0   0   0]
  [  0   0   0]
  [  0   0   0]
  ...
  [128   0   0]
  [128   0   0]
  [128   0   0]]

 [[  0   0   0]
  [  0   0   0]
  [  0   0   0]
  ...
  [128   0   0]
  [128   0   0]
  [128   0   0]]

 [[  0   0   0]
  [  0   0   0]
  [  0   0   0]
  ...
  [128   0   0]
  [128   0   0]
  [128   0   0]]

 ...

 [[  0   0   0]
  [  0   0   0]
  [  0   0   0]
  ...
  [128   0   0]
  [128   0   0]
  [128   0   0]]

 [[  0   0   0]
  [  0   0   0]
  [  0   0   0]
  ...
  [128   0   0]
  [128   0   0]
  [128   0   0]]

 [[  0   0   0]
  [  0   0   0]
  [  0   0   0]
  ...
  [128   0   0]
  [128   0   0]
  [128   0   0]]]",success,output/raster_comparison_results_512x512\diffs\047_winter-843578_640_512_diff.jpg
050_sparrows-3434123_640_512.png,050_sparrows-3434123_640_512.png,inf,1.0,0.0,"[[[  0   0   0]
  [  0   0   0]
  [  0   0   0]
  ...
  [128   0   0]
  [128   0   0]
  [128   0   0]]

 [[  0   0   0]
  [  0   0   0]
  [  0   0   0]
  ...
  [128   0   0]
  [128   0   0]
  [128   0   0]]

 [[  0   0   0]
  [  0   0   0]
  [  0   0   0]
  ...
  [128   0   0]
  [128   0   0]
  [128   0   0]]

 ...

 [[  0   0   0]
  [  0   0   0]
  [  0   0   0]
  ...
  [128   0   0]
  [128   0   0]
  [128   0   0]]

 [[  0   0   0]
  [  0   0   0]
  [  0   0   0]
  ...
  [128   0   0]
  [128   0   0]
  [128   0   0]]

 [[  0   0   0]
  [  0   0   0]
  [  0   0   0]
  ...
  [128   0   0]
  [128   0   0]
  [128   0   0]]]",success,output/raster_comparison_results_512x512\diffs\050_sparrows-3434123_640_512_diff.jpg
142_barn-owl-2550068_1280_512.png,142_barn-owl-2550068_1280_512.png,inf,1.0,0.0,"[[[  0   0   0]
  [  0   0   0]
  [  0   0   0]
  ...
  [128   0   0]
  [128   0   0]
  [128   0   0]]

 [[  0   0   0]
  [  0   0   0]
  [  0   0   0]
  ...
  [128   0   0]
  [128   0   0]
  [128   0   0]]

 [[  0   0   0]
  [  0   0   0]
  [  0   0   0]
  ...
  [128   0   0]
  [128   0   0]
  [128   0   0]]

 ...

 [[  0   0   0]
  [  0   0   0]
  [  0   0   0]
  ...
  [128   0   0]
  [128   0   0]
  [128   0   0]]

 [[  0   0   0]
  [  0   0   0]
  [  0   0   0]
  ...
  [128   0   0]
  [128   0   0]
  [128   0   0]]

 [[  0   0   0]
  [  0   0   0]
  [  0   0   0]
  ...
  [128   0   0]
  [128   0   0]
  [128   0   0]]]",success,output/raster_comparison_results_512x512\diffs\142_barn-owl-2550068_1280_512_diff.jpg
090_bird-3183441_640_512.png,090_bird-3183441_640_512.png,inf,1.0,0.0,"[[[  0   0   0]
  [  0   0   0]
  [  0   0   0]
  ...
  [128   0   0]
  [128   0   0]
  [128   0   0]]

 [[  0   0   0]
  [  0   0   0]
  [  0   0   0]
  ...
  [128   0   0]
  [128   0   0]
  [128   0   0]]

 [[  0   0   0]
  [  0   0   0]
  [  0   0   0]
  ...
  [128   0   0]
  [128   0   0]
  [128   0   0]]

 ...

 [[  0   0   0]
  [  0   0   0]
  [  0   0   0]
  ...
  [128   0   0]
  [128   0   0]
  [128   0   0]]

 [[  0   0   0]
  [  0   0   0]
  [  0   0   0]
  ...
  [128   0   0]
  [128   0   0]
  [128   0   0]]

 [[  0   0   0]
  [  0   0   0]
  [  0   0   0]
  ...
  [128   0   0]
  [128   0   0]
  [128   0   0]]]",success,output/raster_comparison_results_512x512\diffs\090_bird-3183441_640_512_diff.jpg
005_bird-1045954_640_512.png,005_bird-1045954_640_512.png,inf,1.0,0.0,"[[[  0   0   0]
  [  0   0   0]
  [  0   0   0]
  ...
  [128   0   0]
  [128   0   0]
  [128   0   0]]

 [[  0   0   0]
  [  0   0   0]
  [  0   0   0]
  ...
  [128   0   0]
  [128   0   0]
  [128   0   0]]

 [[  0   0   0]
  [  0   0   0]
  [  0   0   0]
  ...
  [128   0   0]
  [128   0   0]
  [128   0   0]]

 ...

 [[  0   0   0]
  [  0   0   0]
  [  0   0   0]
  ...
  [128   0   0]
  [128   0   0]
  [128   0   0]]

 [[  0   0   0]
  [  0   0   0]
  [  0   0   0]
  ...
  [128   0   0]
  [128   0   0]
  [128   0   0]]

 [[  0   0   0]
  [  0   0   0]
  [  0   0   0]
  ...
  [128   0   0]
  [128   0   0]
  [128   0   0]]]",success,output/raster_comparison_results_512x512\diffs\005_bird-1045954_640_512_diff.jpg
112_peacock-90051_1280_512.png,112_peacock-90051_1280_512.png,inf,1.0,0.0,"[[[  0   0   0]
  [  0   0   0]
  [  0   0   0]
  ...
  [128   0   0]
  [128   0   0]
  [128   0   0]]

 [[  0   0   0]
  [  0   0   0]
  [  0   0   0]
  ...
  [128   0   0]
  [128   0   0]
  [128   0   0]]

 [[  0   0   0]
  [  0   0   0]
  [  0   0   0]
  ...
  [128   0   0]
  [128   0   0]
  [128   0   0]]

 ...

 [[  0   0   0]
  [  0   0   0]
  [  0   0   0]
  ...
  [128   0   0]
  [128   0   0]
  [128   0   0]]

 [[  0   0   0]
  [  0   0   0]
  [  0   0   0]
  ...
  [128   0   0]
  [128   0   0]
  [128   0   0]]

 [[  0   0   0]
  [  0   0   0]
  [  0   0   0]
  ...
  [128   0   0]
  [128   0   0]
  [128   0   0]]]",success,output/raster_comparison_results_512x512\diffs\112_peacock-90051_1280_512_diff.jpg
124_hummingbird-1823829_1280_512.png,124_hummingbird-1823829_1280_512.png,inf,1.0,0.0,"[[[  0   0   0]
  [  0   0   0]
  [  0   0   0]
  ...
  [128   0   0]
  [128   0   0]
  [128   0   0]]

 [[  0   0   0]
  [  0   0   0]
  [  0   0   0]
  ...
  [128   0   0]
  [128   0   0]
  [128   0   0]]

 [[  0   0   0]
  [  0   0   0]
  [  0   0   0]
  ...
  [128   0   0]
  [128   0   0]
  [128   0   0]]

 ...

 [[  0   0   0]
  [  0   0   0]
  [  0   0   0]
  ...
  [128   0   0]
  [128   0   0]
  [128   0   0]]

 [[  0   0   0]
  [  0   0   0]
  [  0   0   0]
  ...
  [128   0   0]
  [128   0   0]
  [128   0   0]]

 [[  0   0   0]
  [  0   0   0]
  [  0   0   0]
  ...
  [128   0   0]
  [128   0   0]
  [128   0   0]]]",success,output/raster_comparison_results_512x512\diffs\124_hummingbird-1823829_1280_512_diff.jpg
172_swan-2107052_1280_512.png,172_swan-2107052_1280_512.png,inf,1.0,0.0,"[[[  0   0   0]
  [  0   0   0]
  [  0   0   0]
  ...
  [128   0   0]
  [128   0   0]
  [128   0   0]]

 [[  0   0   0]
  [  0   0   0]
  [  0   0   0]
  ...
  [128   0   0]
  [128   0   0]
  [128   0   0]]

 [[  0   0   0]
  [  0   0   0]
  [  0   0   0]
  ...
  [128   0   0]
  [128   0   0]
  [128   0   0]]

 ...

 [[  0   0   0]
  [  0   0   0]
  [  0   0   0]
  ...
  [128   0   0]
  [128   0   0]
  [128   0   0]]

 [[  0   0   0]
  [  0   0   0]
  [  0   0   0]
  ...
  [128   0   0]
  [128   0   0]
  [128   0   0]]

 [[  0   0   0]
  [  0   0   0]
  [  0   0   0]
  ...
  [128   0   0]
  [128   0   0]
  [128   0   0]]]",success,output/raster_comparison_results_512x512\diffs\172_swan-2107052_1280_512_diff.jpg
144_bird-1045954_1280_512.png,144_bird-1045954_1280_512.png,inf,1.0,0.0,"[[[  0   0   0]
  [  0   0   0]
  [  0   0   0]
  ...
  [128   0   0]
  [128   0   0]
  [128   0   0]]

 [[  0   0   0]
  [  0   0   0]
  [  0   0   0]
  ...
  [128   0   0]
  [128   0   0]
  [128   0   0]]

 [[  0   0   0]
  [  0   0   0]
  [  0   0   0]
  ...
  [128   0   0]
  [128   0   0]
  [128   0   0]]

 ...

 [[  0   0   0]
  [  0   0   0]
  [  0   0   0]
  ...
  [128   0   0]
  [128   0   0]
  [128   0   0]]

 [[  0   0   0]
  [  0   0   0]
  [  0   0   0]
  ...
  [128   0   0]
  [128   0   0]
  [128   0   0]]

 [[  0   0   0]
  [  0   0   0]
  [  0   0   0]
  ...
  [128   0   0]
  [128   0   0]
  [128   0   0]]]",success,output/raster_comparison_results_512x512\diffs\144_bird-1045954_1280_512_diff.jpg
119_bird-386725_1280_512.png,119_bird-386725_1280_512.png,inf,1.0,0.0,"[[[  0   0   0]
  [  0   0   0]
  [  0   0   0]
  ...
  [128   0   0]
  [128   0   0]
  [128   0   0]]

 [[  0   0   0]
  [  0   0   0]
  [  0   0   0]
  ...
  [128   0   0]
  [128   0   0]
  [128   0   0]]

 [[  0   0   0]
  [  0   0   0]
  [  0   0   0]
  ...
  [128   0   0]
  [128   0   0]
  [128   0   0]]

 ...

 [[  0   0   0]
  [  0   0   0]
  [  0   0   0]
  ...
  [128   0   0]
  [128   0   0]
  [128   0   0]]

 [[  0   0   0]
  [  0   0   0]
  [  0   0   0]
  ...
  [128   0   0]
  [128   0   0]
  [128   0   0]]

 [[  0   0   0]
  [  0   0   0]
  [  0   0   0]
  ...
  [128   0   0]
  [128   0   0]
  [128   0   0]]]",success,output/raster_comparison_results_512x512\diffs\119_bird-386725_1280_512_diff.jpg
042_bird-341898_640_512.png,042_bird-341898_640_512.png,inf,1.0,0.0,"[[[  0   0   0]
  [  0   0   0]
  [  0   0   0]
  ...
  [128   0   0]
  [128   0   0]
  [128   0   0]]

 [[  0   0   0]
  [  0   0   0]
  [  0   0   0]
  ...
  [128   0   0]
  [128   0   0]
  [128   0   0]]

 [[  0   0   0]
  [  0   0   0]
  [  0   0   0]
  ...
  [128   0   0]
  [128   0   0]
  [128   0   0]]

 ...

 [[  0   0   0]
  [  0   0   0]
  [  0   0   0]
  ...
  [128   0   0]
  [128   0   0]
  [128   0   0]]

 [[  0   0   0]
  [  0   0   0]
  [  0   0   0]
  ...
  [128   0   0]
  [128   0   0]
  [128   0   0]]

 [[  0   0   0]
  [  0   0   0]
  [  0   0   0]
  ...
  [128   0   0]
  [128   0   0]
  [128   0   0]]]",success,output/raster_comparison_results_512x512\diffs\042_bird-341898_640_512_diff.jpg
101_kingfisher-881594_1280_512.png,101_kingfisher-881594_1280_512.png,inf,1.0,0.0,"[[[  0   0   0]
  [  0   0   0]
  [  0   0   0]
  ...
  [128   0   0]
  [128   0   0]
  [128   0   0]]

 [[  0   0   0]
  [  0   0   0]
  [  0   0   0]
  ...
  [128   0   0]
  [128   0   0]
  [128   0   0]]

 [[  0   0   0]
  [  0   0   0]
  [  0   0   0]
  ...
  [128   0   0]
  [128   0   0]
  [128   0   0]]

 ...

 [[  0   0   0]
  [  0   0   0]
  [  0   0   0]
  ...
  [128   0   0]
  [128   0   0]
  [128   0   0]]

 [[  0   0   0]
  [  0   0   0]
  [  0   0   0]
  ...
  [128   0   0]
  [128   0   0]
  [128   0   0]]

 [[  0   0   0]
  [  0   0   0]
  [  0   0   0]
  ...
  [128   0   0]
  [128   0   0]
  [128   0   0]]]",success,output/raster_comparison_results_512x512\diffs\101_kingfisher-881594_1280_512_diff.jpg
026_bird-349026_640_512.png,026_bird-349026_640_512.png,inf,1.0,0.0,"[[[  0   0   0]
  [  0   0   0]
  [  0   0   0]
  ...
  [128   0   0]
  [128   0   0]
  [128   0   0]]

 [[  0   0   0]
  [  0   0   0]
  [  0   0   0]
  ...
  [128   0   0]
  [128   0   0]
  [128   0   0]]

 [[  0   0   0]
  [  0   0   0]
  [  0   0   0]
  ...
  [128   0   0]
  [128   0   0]
  [128   0   0]]

 ...

 [[  0   0   0]
  [  0   0   0]
  [  0   0   0]
  ...
  [128   0   0]
  [128   0   0]
  [128   0   0]]

 [[  0   0   0]
  [  0   0   0]
  [  0   0   0]
  ...
  [128   0   0]
  [128   0   0]
  [128   0   0]]

 [[  0   0   0]
  [  0   0   0]
  [  0   0   0]
  ...
  [128   0   0]
  [128   0   0]
  [128   0   0]]]",success,output/raster_comparison_results_512x512\diffs\026_bird-349026_640_512_diff.jpg
046_cardinal-1884283_640_512.png,046_cardinal-1884283_640_512.png,inf,1.0,0.0,"[[[  0   0   0]
  [  0   0   0]
  [  0   0   0]
  ...
  [128   0   0]
  [128   0   0]
  [128   0   0]]

 [[  0   0   0]
  [  0   0   0]
  [  0   0   0]
  ...
  [128   0   0]
  [128   0   0]
  [128   0   0]]

 [[  0   0   0]
  [  0   0   0]
  [  0   0   0]
  ...
  [128   0   0]
  [128   0   0]
  [128   0   0]]

 ...

 [[  0   0   0]
  [  0   0   0]
  [  0   0   0]
  ...
  [128   0   0]
  [128   0   0]
  [128   0   0]]

 [[  0   0   0]
  [  0   0   0]
  [  0   0   0]
  ...
  [128   0   0]
  [128   0   0]
  [128   0   0]]

 [[  0   0   0]
  [  0   0   0]
  [  0   0   0]
  ...
  [128   0   0]
  [128   0   0]
  [128   0   0]]]",success,output/raster_comparison_results_512x512\diffs\046_cardinal-1884283_640_512_diff.jpg
163_bird-4051412_1280_512.png,163_bird-4051412_1280_512.png,inf,1.0,0.0,"[[[  0   0   0]
  [  0   0   0]
  [  0   0   0]
  ...
  [128   0   0]
  [128   0   0]
  [128   0   0]]

 [[  0   0   0]
  [  0   0   0]
  [  0   0   0]
  ...
  [128   0   0]
  [128   0   0]
  [128   0   0]]

 [[  0   0   0]
  [  0   0   0]
  [  0   0   0]
  ...
  [128   0   0]
  [128   0   0]
  [128   0   0]]

 ...

 [[  0   0   0]
  [  0   0   0]
  [  0   0   0]
  ...
  [128   0   0]
  [128   0   0]
  [128   0   0]]

 [[  0   0   0]
  [  0   0   0]
  [  0   0   0]
  ...
  [128   0   0]
  [128   0   0]
  [128   0   0]]

 [[  0   0   0]
  [  0   0   0]
  [  0   0   0]
  ...
  [128   0   0]
  [128   0   0]
  [128   0   0]]]",success,output/raster_comparison_results_512x512\diffs\163_bird-4051412_1280_512_diff.jpg
130_seagulls-815304_1280_512.png,130_seagulls-815304_1280_512.png,inf,1.0,0.0,"[[[  0   0   0]
  [  0   0   0]
  [  0   0   0]
  ...
  [128   0   0]
  [128   0   0]
  [128   0   0]]

 [[  0   0   0]
  [  0   0   0]
  [  0   0   0]
  ...
  [128   0   0]
  [128   0   0]
  [128   0   0]]

 [[  0   0   0]
  [  0   0   0]
  [  0   0   0]
  ...
  [128   0   0]
  [128   0   0]
  [128   0   0]]

 ...

 [[  0   0   0]
  [  0   0   0]
  [  0   0   0]
  ...
  [128   0   0]
  [128   0   0]
  [128   0   0]]

 [[  0   0   0]
  [  0   0   0]
  [  0   0   0]
  ...
  [128   0   0]
  [128   0   0]
  [128   0   0]]

 [[  0   0   0]
  [  0   0   0]
  [  0   0   0]
  ...
  [128   0   0]
  [128   0   0]
  [128   0   0]]]",success,output/raster_comparison_results_512x512\diffs\130_seagulls-815304_1280_512_diff.jpg
173_swan-4013225_1280_512.png,173_swan-4013225_1280_512.png,inf,1.0,0.0,"[[[  0   0   0]
  [  0   0   0]
  [  0   0   0]
  ...
  [128   0   0]
  [128   0   0]
  [128   0   0]]

 [[  0   0   0]
  [  0   0   0]
  [  0   0   0]
  ...
  [128   0   0]
  [128   0   0]
  [128   0   0]]

 [[  0   0   0]
  [  0   0   0]
  [  0   0   0]
  ...
  [128   0   0]
  [128   0   0]
  [128   0   0]]

 ...

 [[  0   0   0]
  [  0   0   0]
  [  0   0   0]
  ...
  [128   0   0]
  [128   0   0]
  [128   0   0]]

 [[  0   0   0]
  [  0   0   0]
  [  0   0   0]
  ...
  [128   0   0]
  [128   0   0]
  [128   0   0]]

 [[  0   0   0]
  [  0   0   0]
  [  0   0   0]
  ...
  [128   0   0]
  [128   0   0]
  [128   0   0]]]",success,output/raster_comparison_results_512x512\diffs\173_swan-4013225_1280_512_diff.jpg
002_hummingbird-1854225_640_512.png,002_hummingbird-1854225_640_512.png,inf,1.0,0.0,"[[[  0   0   0]
  [  0   0   0]
  [  0   0   0]
  ...
  [128   0   0]
  [128   0   0]
  [128   0   0]]

 [[  0   0   0]
  [  0   0   0]
  [  0   0   0]
  ...
  [128   0   0]
  [128   0   0]
  [128   0   0]]

 [[  0   0   0]
  [  0   0   0]
  [  0   0   0]
  ...
  [128   0   0]
  [128   0   0]
  [128   0   0]]

 ...

 [[  0   0   0]
  [  0   0   0]
  [  0   0   0]
  ...
  [128   0   0]
  [128   0   0]
  [128   0   0]]

 [[  0   0   0]
  [  0   0   0]
  [  0   0   0]
  ...
  [128   0   0]
  [128   0   0]
  [128   0   0]]

 [[  0   0   0]
  [  0   0   0]
  [  0   0   0]
  ...
  [128   0   0]
  [128   0   0]
  [128   0   0]]]",success,output/raster_comparison_results_512x512\diffs\002_hummingbird-1854225_640_512_diff.jpg
169_bird-2295431_1280_512.png,169_bird-2295431_1280_512.png,inf,1.0,0.0,"[[[  0   0   0]
  [  0   0   0]
  [  0   0   0]
  ...
  [128   0   0]
  [128   0   0]
  [128   0   0]]

 [[  0   0   0]
  [  0   0   0]
  [  0   0   0]
  ...
  [128   0   0]
  [128   0   0]
  [128   0   0]]

 [[  0   0   0]
  [  0   0   0]
  [  0   0   0]
  ...
  [128   0   0]
  [128   0   0]
  [128   0   0]]

 ...

 [[  0   0   0]
  [  0   0   0]
  [  0   0   0]
  ...
  [128   0   0]
  [128   0   0]
  [128   0   0]]

 [[  0   0   0]
  [  0   0   0]
  [  0   0   0]
  ...
  [128   0   0]
  [128   0   0]
  [128   0   0]]

 [[  0   0   0]
  [  0   0   0]
  [  0   0   0]
  ...
  [128   0   0]
  [128   0   0]
  [128   0   0]]]",success,output/raster_comparison_results_512x512\diffs\169_bird-2295431_1280_512_diff.jpg
012_spring-bird-2295434_640_512.png,012_spring-bird-2295434_640_512.png,inf,1.0,0.0,"[[[  0   0   0]
  [  0   0   0]
  [  0   0   0]
  ...
  [128   0   0]
  [128   0   0]
  [128   0   0]]

 [[  0   0   0]
  [  0   0   0]
  [  0   0   0]
  ...
  [128   0   0]
  [128   0   0]
  [128   0   0]]

 [[  0   0   0]
  [  0   0   0]
  [  0   0   0]
  ...
  [128   0   0]
  [128   0   0]
  [128   0   0]]

 ...

 [[  0   0   0]
  [  0   0   0]
  [  0   0   0]
  ...
  [128   0   0]
  [128   0   0]
  [128   0   0]]

 [[  0   0   0]
  [  0   0   0]
  [  0   0   0]
  ...
  [128   0   0]
  [128   0   0]
  [128   0   0]]

 [[  0   0   0]
  [  0   0   0]
  [  0   0   0]
  ...
  [128   0   0]
  [128   0   0]
  [128   0   0]]]",success,output/raster_comparison_results_512x512\diffs\012_spring-bird-2295434_640_512_diff.jpg
009_swan-16736_640_512.png,009_swan-16736_640_512.png,inf,1.0,0.0,"[[[  0   0   0]
  [  0   0   0]
  [  0   0   0]
  ...
  [128   0   0]
  [128   0   0]
  [128   0   0]]

 [[  0   0   0]
  [  0   0   0]
  [  0   0   0]
  ...
  [128   0   0]
  [128   0   0]
  [128   0   0]]

 [[  0   0   0]
  [  0   0   0]
  [  0   0   0]
  ...
  [128   0   0]
  [128   0   0]
  [128   0   0]]

 ...

 [[  0   0   0]
  [  0   0   0]
  [  0   0   0]
  ...
  [128   0   0]
  [128   0   0]
  [128   0   0]]

 [[  0   0   0]
  [  0   0   0]
  [  0   0   0]
  ...
  [128   0   0]
  [128   0   0]
  [128   0   0]]

 [[  0   0   0]
  [  0   0   0]
  [  0   0   0]
  ...
  [128   0   0]
  [128   0   0]
  [128   0   0]]]",success,output/raster_comparison_results_512x512\diffs\009_swan-16736_640_512_diff.jpg
106_bird-3732867_1280_512.png,106_bird-3732867_1280_512.png,inf,1.0,0.0,"[[[  0   0   0]
  [  0   0   0]
  [  0   0   0]
  ...
  [128   0   0]
  [128   0   0]
  [128   0   0]]

 [[  0   0   0]
  [  0   0   0]
  [  0   0   0]
  ...
  [128   0   0]
  [128   0   0]
  [128   0   0]]

 [[  0   0   0]
  [  0   0   0]
  [  0   0   0]
  ...
  [128   0   0]
  [128   0   0]
  [128   0   0]]

 ...

 [[  0   0   0]
  [  0   0   0]
  [  0   0   0]
  ...
  [128   0   0]
  [128   0   0]
  [128   0   0]]

 [[  0   0   0]
  [  0   0   0]
  [  0   0   0]
  ...
  [128   0   0]
  [128   0   0]
  [128   0   0]]

 [[  0   0   0]
  [  0   0   0]
  [  0   0   0]
  ...
  [128   0   0]
  [128   0   0]
  [128   0   0]]]",success,output/raster_comparison_results_512x512\diffs\106_bird-3732867_1280_512_diff.jpg
118_victoria-crowned-pigeon-4486154_1280_512.png,118_victoria-crowned-pigeon-4486154_1280_512.png,inf,1.0,0.0,"[[[  0   0   0]
  [  0   0   0]
  [  0   0   0]
  ...
  [128   0   0]
  [128   0   0]
  [128   0   0]]

 [[  0   0   0]
  [  0   0   0]
  [  0   0   0]
  ...
  [128   0   0]
  [128   0   0]
  [128   0   0]]

 [[  0   0   0]
  [  0   0   0]
  [  0   0   0]
  ...
  [128   0   0]
  [128   0   0]
  [128   0   0]]

 ...

 [[  0   0   0]
  [  0   0   0]
  [  0   0   0]
  ...
  [128   0   0]
  [128   0   0]
  [128   0   0]]

 [[  0   0   0]
  [  0   0   0]
  [  0   0   0]
  ...
  [128   0   0]
  [128   0   0]
  [128   0   0]]

 [[  0   0   0]
  [  0   0   0]
  [  0   0   0]
  ...
  [128   0   0]
  [128   0   0]
  [128   0   0]]]",success,output/raster_comparison_results_512x512\diffs\118_victoria-crowned-pigeon-4486154_1280_512_diff.jpg
161_red-kite-50498_1280_512.png,161_red-kite-50498_1280_512.png,inf,1.0,0.0,"[[[  0   0   0]
  [  0   0   0]
  [  0   0   0]
  ...
  [128   0   0]
  [128   0   0]
  [128   0   0]]

 [[  0   0   0]
  [  0   0   0]
  [  0   0   0]
  ...
  [128   0   0]
  [128   0   0]
  [128   0   0]]

 [[  0   0   0]
  [  0   0   0]
  [  0   0   0]
  ...
  [128   0   0]
  [128   0   0]
  [128   0   0]]

 ...

 [[  0   0   0]
  [  0   0   0]
  [  0   0   0]
  ...
  [128   0   0]
  [128   0   0]
  [128   0   0]]

 [[  0   0   0]
  [  0   0   0]
  [  0   0   0]
  ...
  [128   0   0]
  [128   0   0]
  [128   0   0]]

 [[  0   0   0]
  [  0   0   0]
  [  0   0   0]
  ...
  [128   0   0]
  [128   0   0]
  [128   0   0]]]",success,output/raster_comparison_results_512x512\diffs\161_red-kite-50498_1280_512_diff.jpg
128_white-tailed-eagle-2015098_1280_512.png,128_white-tailed-eagle-2015098_1280_512.png,inf,1.0,0.0,"[[[  0   0   0]
  [  0   0   0]
  [  0   0   0]
  ...
  [128   0   0]
  [128   0   0]
  [128   0   0]]

 [[  0   0   0]
  [  0   0   0]
  [  0   0   0]
  ...
  [128   0   0]
  [128   0   0]
  [128   0   0]]

 [[  0   0   0]
  [  0   0   0]
  [  0   0   0]
  ...
  [128   0   0]
  [128   0   0]
  [128   0   0]]

 ...

 [[  0   0   0]
  [  0   0   0]
  [  0   0   0]
  ...
  [128   0   0]
  [128   0   0]
  [128   0   0]]

 [[  0   0   0]
  [  0   0   0]
  [  0   0   0]
  ...
  [128   0   0]
  [128   0   0]
  [128   0   0]]

 [[  0   0   0]
  [  0   0   0]
  [  0   0   0]
  ...
  [128   0   0]
  [128   0   0]
  [128   0   0]]]",success,output/raster_comparison_results_512x512\diffs\128_white-tailed-eagle-2015098_1280_512_diff.jpg
123_swan-2350668_1280_512.png,123_swan-2350668_1280_512.png,inf,1.0,0.0,"[[[  0   0   0]
  [  0   0   0]
  [  0   0   0]
  ...
  [128   0   0]
  [128   0   0]
  [128   0   0]]

 [[  0   0   0]
  [  0   0   0]
  [  0   0   0]
  ...
  [128   0   0]
  [128   0   0]
  [128   0   0]]

 [[  0   0   0]
  [  0   0   0]
  [  0   0   0]
  ...
  [128   0   0]
  [128   0   0]
  [128   0   0]]

 ...

 [[  0   0   0]
  [  0   0   0]
  [  0   0   0]
  ...
  [128   0   0]
  [128   0   0]
  [128   0   0]]

 [[  0   0   0]
  [  0   0   0]
  [  0   0   0]
  ...
  [128   0   0]
  [128   0   0]
  [128   0   0]]

 [[  0   0   0]
  [  0   0   0]
  [  0   0   0]
  ...
  [128   0   0]
  [128   0   0]
  [128   0   0]]]",success,output/raster_comparison_results_512x512\diffs\123_swan-2350668_1280_512_diff.jpg
131_hummingbird-5255827_1280_512.png,131_hummingbird-5255827_1280_512.png,inf,1.0,0.0,"[[[  0   0   0]
  [  0   0   0]
  [  0   0   0]
  ...
  [128   0   0]
  [128   0   0]
  [128   0   0]]

 [[  0   0   0]
  [  0   0   0]
  [  0   0   0]
  ...
  [128   0   0]
  [128   0   0]
  [128   0   0]]

 [[  0   0   0]
  [  0   0   0]
  [  0   0   0]
  ...
  [128   0   0]
  [128   0   0]
  [128   0   0]]

 ...

 [[  0   0   0]
  [  0   0   0]
  [  0   0   0]
  ...
  [128   0   0]
  [128   0   0]
  [128   0   0]]

 [[  0   0   0]
  [  0   0   0]
  [  0   0   0]
  ...
  [128   0   0]
  [128   0   0]
  [128   0   0]]

 [[  0   0   0]
  [  0   0   0]
  [  0   0   0]
  ...
  [128   0   0]
  [128   0   0]
  [128   0   0]]]",success,output/raster_comparison_results_512x512\diffs\131_hummingbird-5255827_1280_512_diff.jpg
127_bird-341898_1280_512.png,127_bird-341898_1280_512.png,inf,1.0,0.0,"[[[  0   0   0]
  [  0   0   0]
  [  0   0   0]
  ...
  [128   0   0]
  [128   0   0]
  [128   0   0]]

 [[  0   0   0]
  [  0   0   0]
  [  0   0   0]
  ...
  [128   0   0]
  [128   0   0]
  [128   0   0]]

 [[  0   0   0]
  [  0   0   0]
  [  0   0   0]
  ...
  [128   0   0]
  [128   0   0]
  [128   0   0]]

 ...

 [[  0   0   0]
  [  0   0   0]
  [  0   0   0]
  ...
  [128   0   0]
  [128   0   0]
  [128   0   0]]

 [[  0   0   0]
  [  0   0   0]
  [  0   0   0]
  ...
  [128   0   0]
  [128   0   0]
  [128   0   0]]

 [[  0   0   0]
  [  0   0   0]
  [  0   0   0]
  ...
  [128   0   0]
  [128   0   0]
  [128   0   0]]]",success,output/raster_comparison_results_512x512\diffs\127_bird-341898_1280_512_diff.jpg
057_beach-832346_640_512.png,057_beach-832346_640_512.png,inf,1.0,0.0,"[[[  0   0   0]
  [  0   0   0]
  [  0   0   0]
  ...
  [128   0   0]
  [128   0   0]
  [128   0   0]]

 [[  0   0   0]
  [  0   0   0]
  [  0   0   0]
  ...
  [128   0   0]
  [128   0   0]
  [128   0   0]]

 [[  0   0   0]
  [  0   0   0]
  [  0   0   0]
  ...
  [128   0   0]
  [128   0   0]
  [128   0   0]]

 ...

 [[  0   0   0]
  [  0   0   0]
  [  0   0   0]
  ...
  [128   0   0]
  [128   0   0]
  [128   0   0]]

 [[  0   0   0]
  [  0   0   0]
  [  0   0   0]
  ...
  [128   0   0]
  [128   0   0]
  [128   0   0]]

 [[  0   0   0]
  [  0   0   0]
  [  0   0   0]
  ...
  [128   0   0]
  [128   0   0]
  [128   0   0]]]",success,output/raster_comparison_results_512x512\diffs\057_beach-832346_640_512_diff.jpg
062_bird-4051412_640_512.png,062_bird-4051412_640_512.png,inf,1.0,0.0,"[[[  0   0   0]
  [  0   0   0]
  [  0   0   0]
  ...
  [128   0   0]
  [128   0   0]
  [128   0   0]]

 [[  0   0   0]
  [  0   0   0]
  [  0   0   0]
  ...
  [128   0   0]
  [128   0   0]
  [128   0   0]]

 [[  0   0   0]
  [  0   0   0]
  [  0   0   0]
  ...
  [128   0   0]
  [128   0   0]
  [128   0   0]]

 ...

 [[  0   0   0]
  [  0   0   0]
  [  0   0   0]
  ...
  [128   0   0]
  [128   0   0]
  [128   0   0]]

 [[  0   0   0]
  [  0   0   0]
  [  0   0   0]
  ...
  [128   0   0]
  [128   0   0]
  [128   0   0]]

 [[  0   0   0]
  [  0   0   0]
  [  0   0   0]
  ...
  [128   0   0]
  [128   0   0]
  [128   0   0]]]",success,output/raster_comparison_results_512x512\diffs\062_bird-4051412_640_512_diff.jpg
105_bird-349026_1280_512.png,105_bird-349026_1280_512.png,inf,1.0,0.0,"[[[  0   0   0]
  [  0   0   0]
  [  0   0   0]
  ...
  [128   0   0]
  [128   0   0]
  [128   0   0]]

 [[  0   0   0]
  [  0   0   0]
  [  0   0   0]
  ...
  [128   0   0]
  [128   0   0]
  [128   0   0]]

 [[  0   0   0]
  [  0   0   0]
  [  0   0   0]
  ...
  [128   0   0]
  [128   0   0]
  [128   0   0]]

 ...

 [[  0   0   0]
  [  0   0   0]
  [  0   0   0]
  ...
  [128   0   0]
  [128   0   0]
  [128   0   0]]

 [[  0   0   0]
  [  0   0   0]
  [  0   0   0]
  ...
  [128   0   0]
  [128   0   0]
  [128   0   0]]

 [[  0   0   0]
  [  0   0   0]
  [  0   0   0]
  ...
  [128   0   0]
  [128   0   0]
  [128   0   0]]]",success,output/raster_comparison_results_512x512\diffs\105_bird-349026_1280_512_diff.jpg
082_kingfisher-1850226_640_512.png,082_kingfisher-1850226_640_512.png,inf,1.0,0.0,"[[[  0   0   0]
  [  0   0   0]
  [  0   0   0]
  ...
  [128   0   0]
  [128   0   0]
  [128   0   0]]

 [[  0   0   0]
  [  0   0   0]
  [  0   0   0]
  ...
  [128   0   0]
  [128   0   0]
  [128   0   0]]

 [[  0   0   0]
  [  0   0   0]
  [  0   0   0]
  ...
  [128   0   0]
  [128   0   0]
  [128   0   0]]

 ...

 [[  0   0   0]
  [  0   0   0]
  [  0   0   0]
  ...
  [128   0   0]
  [128   0   0]
  [128   0   0]]

 [[  0   0   0]
  [  0   0   0]
  [  0   0   0]
  ...
  [128   0   0]
  [128   0   0]
  [128   0   0]]

 [[  0   0   0]
  [  0   0   0]
  [  0   0   0]
  ...
  [128   0   0]
  [128   0   0]
  [128   0   0]]]",success,output/raster_comparison_results_512x512\diffs\082_kingfisher-1850226_640_512_diff.jpg
164_parrots-3427188_1280_512.png,164_parrots-3427188_1280_512.png,inf,1.0,0.0,"[[[  0   0   0]
  [  0   0   0]
  [  0   0   0]
  ...
  [128   0   0]
  [128   0   0]
  [128   0   0]]

 [[  0   0   0]
  [  0   0   0]
  [  0   0   0]
  ...
  [128   0   0]
  [128   0   0]
  [128   0   0]]

 [[  0   0   0]
  [  0   0   0]
  [  0   0   0]
  ...
  [128   0   0]
  [128   0   0]
  [128   0   0]]

 ...

 [[  0   0   0]
  [  0   0   0]
  [  0   0   0]
  ...
  [128   0   0]
  [128   0   0]
  [128   0   0]]

 [[  0   0   0]
  [  0   0   0]
  [  0   0   0]
  ...
  [128   0   0]
  [128   0   0]
  [128   0   0]]

 [[  0   0   0]
  [  0   0   0]
  [  0   0   0]
  ...
  [128   0   0]
  [128   0   0]
  [128   0   0]]]",success,output/raster_comparison_results_512x512\diffs\164_parrots-3427188_1280_512_diff.jpg
024_owl-1576572_640_512.png,024_owl-1576572_640_512.png,inf,1.0,0.0,"[[[  0   0   0]
  [  0   0   0]
  [  0   0   0]
  ...
  [128   0   0]
  [128   0   0]
  [128   0   0]]

 [[  0   0   0]
  [  0   0   0]
  [  0   0   0]
  ...
  [128   0   0]
  [128   0   0]
  [128   0   0]]

 [[  0   0   0]
  [  0   0   0]
  [  0   0   0]
  ...
  [128   0   0]
  [128   0   0]
  [128   0   0]]

 ...

 [[  0   0   0]
  [  0   0   0]
  [  0   0   0]
  ...
  [128   0   0]
  [128   0   0]
  [128   0   0]]

 [[  0   0   0]
  [  0   0   0]
  [  0   0   0]
  ...
  [128   0   0]
  [128   0   0]
  [128   0   0]]

 [[  0   0   0]
  [  0   0   0]
  [  0   0   0]
  ...
  [128   0   0]
  [128   0   0]
  [128   0   0]]]",success,output/raster_comparison_results_512x512\diffs\024_owl-1576572_640_512_diff.jpg
030_kingfisher-2363879_640_512.png,030_kingfisher-2363879_640_512.png,inf,1.0,0.0,"[[[  0   0   0]
  [  0   0   0]
  [  0   0   0]
  ...
  [128   0   0]
  [128   0   0]
  [128   0   0]]

 [[  0   0   0]
  [  0   0   0]
  [  0   0   0]
  ...
  [128   0   0]
  [128   0   0]
  [128   0   0]]

 [[  0   0   0]
  [  0   0   0]
  [  0   0   0]
  ...
  [128   0   0]
  [128   0   0]
  [128   0   0]]

 ...

 [[  0   0   0]
  [  0   0   0]
  [  0   0   0]
  ...
  [128   0   0]
  [128   0   0]
  [128   0   0]]

 [[  0   0   0]
  [  0   0   0]
  [  0   0   0]
  ...
  [128   0   0]
  [128   0   0]
  [128   0   0]]

 [[  0   0   0]
  [  0   0   0]
  [  0   0   0]
  ...
  [128   0   0]
  [128   0   0]
  [128   0   0]]]",success,output/raster_comparison_results_512x512\diffs\030_kingfisher-2363879_640_512_diff.jpg
143_spring-bird-2295434_1280_512.png,143_spring-bird-2295434_1280_512.png,inf,1.0,0.0,"[[[  0   0   0]
  [  0   0   0]
  [  0   0   0]
  ...
  [128   0   0]
  [128   0   0]
  [128   0   0]]

 [[  0   0   0]
  [  0   0   0]
  [  0   0   0]
  ...
  [128   0   0]
  [128   0   0]
  [128   0   0]]

 [[  0   0   0]
  [  0   0   0]
  [  0   0   0]
  ...
  [128   0   0]
  [128   0   0]
  [128   0   0]]

 ...

 [[  0   0   0]
  [  0   0   0]
  [  0   0   0]
  ...
  [128   0   0]
  [128   0   0]
  [128   0   0]]

 [[  0   0   0]
  [  0   0   0]
  [  0   0   0]
  ...
  [128   0   0]
  [128   0   0]
  [128   0   0]]

 [[  0   0   0]
  [  0   0   0]
  [  0   0   0]
  ...
  [128   0   0]
  [128   0   0]
  [128   0   0]]]",success,output/raster_comparison_results_512x512\diffs\143_spring-bird-2295434_1280_512_diff.jpg
013_swan-2077219_640_512.png,013_swan-2077219_640_512.png,inf,1.0,0.0,"[[[  0   0   0]
  [  0   0   0]
  [  0   0   0]
  ...
  [128   0   0]
  [128   0   0]
  [128   0   0]]

 [[  0   0   0]
  [  0   0   0]
  [  0   0   0]
  ...
  [128   0   0]
  [128   0   0]
  [128   0   0]]

 [[  0   0   0]
  [  0   0   0]
  [  0   0   0]
  ...
  [128   0   0]
  [128   0   0]
  [128   0   0]]

 ...

 [[  0   0   0]
  [  0   0   0]
  [  0   0   0]
  ...
  [128   0   0]
  [128   0   0]
  [128   0   0]]

 [[  0   0   0]
  [  0   0   0]
  [  0   0   0]
  ...
  [128   0   0]
  [128   0   0]
  [128   0   0]]

 [[  0   0   0]
  [  0   0   0]
  [  0   0   0]
  ...
  [128   0   0]
  [128   0   0]
  [128   0   0]]]",success,output/raster_comparison_results_512x512\diffs\013_swan-2077219_640_512_diff.jpg
091_birds-4551002_640_512.png,091_birds-4551002_640_512.png,inf,1.0,0.0,"[[[  0   0   0]
  [  0   0   0]
  [  0   0   0]
  ...
  [128   0   0]
  [128   0   0]
  [128   0   0]]

 [[  0   0   0]
  [  0   0   0]
  [  0   0   0]
  ...
  [128   0   0]
  [128   0   0]
  [128   0   0]]

 [[  0   0   0]
  [  0   0   0]
  [  0   0   0]
  ...
  [128   0   0]
  [128   0   0]
  [128   0   0]]

 ...

 [[  0   0   0]
  [  0   0   0]
  [  0   0   0]
  ...
  [128   0   0]
  [128   0   0]
  [128   0   0]]

 [[  0   0   0]
  [  0   0   0]
  [  0   0   0]
  ...
  [128   0   0]
  [128   0   0]
  [128   0   0]]

 [[  0   0   0]
  [  0   0   0]
  [  0   0   0]
  ...
  [128   0   0]
  [128   0   0]
  [128   0   0]]]",success,output/raster_comparison_results_512x512\diffs\091_birds-4551002_640_512_diff.jpg
132_chaffinch-1420407_1280_512.png,132_chaffinch-1420407_1280_512.png,inf,1.0,0.0,"[[[  0   0   0]
  [  0   0   0]
  [  0   0   0]
  ...
  [128   0   0]
  [128   0   0]
  [128   0   0]]

 [[  0   0   0]
  [  0   0   0]
  [  0   0   0]
  ...
  [128   0   0]
  [128   0   0]
  [128   0   0]]

 [[  0   0   0]
  [  0   0   0]
  [  0   0   0]
  ...
  [128   0   0]
  [128   0   0]
  [128   0   0]]

 ...

 [[  0   0   0]
  [  0   0   0]
  [  0   0   0]
  ...
  [128   0   0]
  [128   0   0]
  [128   0   0]]

 [[  0   0   0]
  [  0   0   0]
  [  0   0   0]
  ...
  [128   0   0]
  [128   0   0]
  [128   0   0]]

 [[  0   0   0]
  [  0   0   0]
  [  0   0   0]
  ...
  [128   0   0]
  [128   0   0]
  [128   0   0]]]",success,output/raster_comparison_results_512x512\diffs\132_chaffinch-1420407_1280_512_diff.jpg
092_peafowl-2363750_640_512.png,092_peafowl-2363750_640_512.png,inf,1.0,0.0,"[[[  0   0   0]
  [  0   0   0]
  [  0   0   0]
  ...
  [128   0   0]
  [128   0   0]
  [128   0   0]]

 [[  0   0   0]
  [  0   0   0]
  [  0   0   0]
  ...
  [128   0   0]
  [128   0   0]
  [128   0   0]]

 [[  0   0   0]
  [  0   0   0]
  [  0   0   0]
  ...
  [128   0   0]
  [128   0   0]
  [128   0   0]]

 ...

 [[  0   0   0]
  [  0   0   0]
  [  0   0   0]
  ...
  [128   0   0]
  [128   0   0]
  [128   0   0]]

 [[  0   0   0]
  [  0   0   0]
  [  0   0   0]
  ...
  [128   0   0]
  [128   0   0]
  [128   0   0]]

 [[  0   0   0]
  [  0   0   0]
  [  0   0   0]
  ...
  [128   0   0]
  [128   0   0]
  [128   0   0]]]",success,output/raster_comparison_results_512x512\diffs\092_peafowl-2363750_640_512_diff.jpg
121_parrot-3601194_1280_512.png,121_parrot-3601194_1280_512.png,inf,1.0,0.0,"[[[  0   0   0]
  [  0   0   0]
  [  0   0   0]
  ...
  [128   0   0]
  [128   0   0]
  [128   0   0]]

 [[  0   0   0]
  [  0   0   0]
  [  0   0   0]
  ...
  [128   0   0]
  [128   0   0]
  [128   0   0]]

 [[  0   0   0]
  [  0   0   0]
  [  0   0   0]
  ...
  [128   0   0]
  [128   0   0]
  [128   0   0]]

 ...

 [[  0   0   0]
  [  0   0   0]
  [  0   0   0]
  ...
  [128   0   0]
  [128   0   0]
  [128   0   0]]

 [[  0   0   0]
  [  0   0   0]
  [  0   0   0]
  ...
  [128   0   0]
  [128   0   0]
  [128   0   0]]

 [[  0   0   0]
  [  0   0   0]
  [  0   0   0]
  ...
  [128   0   0]
  [128   0   0]
  [128   0   0]]]",success,output/raster_comparison_results_512x512\diffs\121_parrot-3601194_1280_512_diff.jpg
159_peacock-3617474_1280_512.png,159_peacock-3617474_1280_512.png,inf,1.0,0.0,"[[[  0   0   0]
  [  0   0   0]
  [  0   0   0]
  ...
  [128   0   0]
  [128   0   0]
  [128   0   0]]

 [[  0   0   0]
  [  0   0   0]
  [  0   0   0]
  ...
  [128   0   0]
  [128   0   0]
  [128   0   0]]

 [[  0   0   0]
  [  0   0   0]
  [  0   0   0]
  ...
  [128   0   0]
  [128   0   0]
  [128   0   0]]

 ...

 [[  0   0   0]
  [  0   0   0]
  [  0   0   0]
  ...
  [128   0   0]
  [128   0   0]
  [128   0   0]]

 [[  0   0   0]
  [  0   0   0]
  [  0   0   0]
  ...
  [128   0   0]
  [128   0   0]
  [128   0   0]]

 [[  0   0   0]
  [  0   0   0]
  [  0   0   0]
  ...
  [128   0   0]
  [128   0   0]
  [128   0   0]]]",success,output/raster_comparison_results_512x512\diffs\159_peacock-3617474_1280_512_diff.jpg
146_owl-1834152_1280_512.png,146_owl-1834152_1280_512.png,inf,1.0,0.0,"[[[  0   0   0]
  [  0   0   0]
  [  0   0   0]
  ...
  [128   0   0]
  [128   0   0]
  [128   0   0]]

 [[  0   0   0]
  [  0   0   0]
  [  0   0   0]
  ...
  [128   0   0]
  [128   0   0]
  [128   0   0]]

 [[  0   0   0]
  [  0   0   0]
  [  0   0   0]
  ...
  [128   0   0]
  [128   0   0]
  [128   0   0]]

 ...

 [[  0   0   0]
  [  0   0   0]
  [  0   0   0]
  ...
  [128   0   0]
  [128   0   0]
  [128   0   0]]

 [[  0   0   0]
  [  0   0   0]
  [  0   0   0]
  ...
  [128   0   0]
  [128   0   0]
  [128   0   0]]

 [[  0   0   0]
  [  0   0   0]
  [  0   0   0]
  ...
  [128   0   0]
  [128   0   0]
  [128   0   0]]]",success,output/raster_comparison_results_512x512\diffs\146_owl-1834152_1280_512_diff.jpg
165_bird-2823767_1280_512.png,165_bird-2823767_1280_512.png,inf,1.0,0.0,"[[[  0   0   0]
  [  0   0   0]
  [  0   0   0]
  ...
  [128   0   0]
  [128   0   0]
  [128   0   0]]

 [[  0   0   0]
  [  0   0   0]
  [  0   0   0]
  ...
  [128   0   0]
  [128   0   0]
  [128   0   0]]

 [[  0   0   0]
  [  0   0   0]
  [  0   0   0]
  ...
  [128   0   0]
  [128   0   0]
  [128   0   0]]

 ...

 [[  0   0   0]
  [  0   0   0]
  [  0   0   0]
  ...
  [128   0   0]
  [128   0   0]
  [128   0   0]]

 [[  0   0   0]
  [  0   0   0]
  [  0   0   0]
  ...
  [128   0   0]
  [128   0   0]
  [128   0   0]]

 [[  0   0   0]
  [  0   0   0]
  [  0   0   0]
  ...
  [128   0   0]
  [128   0   0]
  [128   0   0]]]",success,output/raster_comparison_results_512x512\diffs\165_bird-2823767_1280_512_diff.jpg
067_plumage-176723_640_512.png,067_plumage-176723_640_512.png,inf,1.0,0.0,"[[[  0   0   0]
  [  0   0   0]
  [  0   0   0]
  ...
  [128   0   0]
  [128   0   0]
  [128   0   0]]

 [[  0   0   0]
  [  0   0   0]
  [  0   0   0]
  ...
  [128   0   0]
  [128   0   0]
  [128   0   0]]

 [[  0   0   0]
  [  0   0   0]
  [  0   0   0]
  ...
  [128   0   0]
  [128   0   0]
  [128   0   0]]

 ...

 [[  0   0   0]
  [  0   0   0]
  [  0   0   0]
  ...
  [128   0   0]
  [128   0   0]
  [128   0   0]]

 [[  0   0   0]
  [  0   0   0]
  [  0   0   0]
  ...
  [128   0   0]
  [128   0   0]
  [128   0   0]]

 [[  0   0   0]
  [  0   0   0]
  [  0   0   0]
  ...
  [128   0   0]
  [128   0   0]
  [128   0   0]]]",success,output/raster_comparison_results_512x512\diffs\067_plumage-176723_640_512_diff.jpg
069_halcyon-1352522_640_512.png,069_halcyon-1352522_640_512.png,inf,1.0,0.0,"[[[  0   0   0]
  [  0   0   0]
  [  0   0   0]
  ...
  [128   0   0]
  [128   0   0]
  [128   0   0]]

 [[  0   0   0]
  [  0   0   0]
  [  0   0   0]
  ...
  [128   0   0]
  [128   0   0]
  [128   0   0]]

 [[  0   0   0]
  [  0   0   0]
  [  0   0   0]
  ...
  [128   0   0]
  [128   0   0]
  [128   0   0]]

 ...

 [[  0   0   0]
  [  0   0   0]
  [  0   0   0]
  ...
  [128   0   0]
  [128   0   0]
  [128   0   0]]

 [[  0   0   0]
  [  0   0   0]
  [  0   0   0]
  ...
  [128   0   0]
  [128   0   0]
  [128   0   0]]

 [[  0   0   0]
  [  0   0   0]
  [  0   0   0]
  ...
  [128   0   0]
  [128   0   0]
  [128   0   0]]]",success,output/raster_comparison_results_512x512\diffs\069_halcyon-1352522_640_512_diff.jpg
052_peacock-feathers-3013486_640_512.png,052_peacock-feathers-3013486_640_512.png,inf,1.0,0.0,"[[[  0   0   0]
  [  0   0   0]
  [  0   0   0]
  ...
  [128   0   0]
  [128   0   0]
  [128   0   0]]

 [[  0   0   0]
  [  0   0   0]
  [  0   0   0]
  ...
  [128   0   0]
  [128   0   0]
  [128   0   0]]

 [[  0   0   0]
  [  0   0   0]
  [  0   0   0]
  ...
  [128   0   0]
  [128   0   0]
  [128   0   0]]

 ...

 [[  0   0   0]
  [  0   0   0]
  [  0   0   0]
  ...
  [128   0   0]
  [128   0   0]
  [128   0   0]]

 [[  0   0   0]
  [  0   0   0]
  [  0   0   0]
  ...
  [128   0   0]
  [128   0   0]
  [128   0   0]]

 [[  0   0   0]
  [  0   0   0]
  [  0   0   0]
  ...
  [128   0   0]
  [128   0   0]
  [128   0   0]]]",success,output/raster_comparison_results_512x512\diffs\052_peacock-feathers-3013486_640_512_diff.jpg
137_eagle-2045655_1280_512.png,137_eagle-2045655_1280_512.png,inf,1.0,0.0,"[[[  0   0   0]
  [  0   0   0]
  [  0   0   0]
  ...
  [128   0   0]
  [128   0   0]
  [128   0   0]]

 [[  0   0   0]
  [  0   0   0]
  [  0   0   0]
  ...
  [128   0   0]
  [128   0   0]
  [128   0   0]]

 [[  0   0   0]
  [  0   0   0]
  [  0   0   0]
  ...
  [128   0   0]
  [128   0   0]
  [128   0   0]]

 ...

 [[  0   0   0]
  [  0   0   0]
  [  0   0   0]
  ...
  [128   0   0]
  [128   0   0]
  [128   0   0]]

 [[  0   0   0]
  [  0   0   0]
  [  0   0   0]
  ...
  [128   0   0]
  [128   0   0]
  [128   0   0]]

 [[  0   0   0]
  [  0   0   0]
  [  0   0   0]
  ...
  [128   0   0]
  [128   0   0]
  [128   0   0]]]",success,output/raster_comparison_results_512x512\diffs\137_eagle-2045655_1280_512_diff.jpg
003_parrot-3601194_640_512.png,003_parrot-3601194_640_512.png,inf,1.0,0.0,"[[[  0   0   0]
  [  0   0   0]
  [  0   0   0]
  ...
  [128   0   0]
  [128   0   0]
  [128   0   0]]

 [[  0   0   0]
  [  0   0   0]
  [  0   0   0]
  ...
  [128   0   0]
  [128   0   0]
  [128   0   0]]

 [[  0   0   0]
  [  0   0   0]
  [  0   0   0]
  ...
  [128   0   0]
  [128   0   0]
  [128   0   0]]

 ...

 [[  0   0   0]
  [  0   0   0]
  [  0   0   0]
  ...
  [128   0   0]
  [128   0   0]
  [128   0   0]]

 [[  0   0   0]
  [  0   0   0]
  [  0   0   0]
  ...
  [128   0   0]
  [128   0   0]
  [128   0   0]]

 [[  0   0   0]
  [  0   0   0]
  [  0   0   0]
  ...
  [128   0   0]
  [128   0   0]
  [128   0   0]]]",success,output/raster_comparison_results_512x512\diffs\003_parrot-3601194_640_512_diff.jpg
140_birds-4551002_1280_512.png,140_birds-4551002_1280_512.png,inf,1.0,0.0,"[[[  0   0   0]
  [  0   0   0]
  [  0   0   0]
  ...
  [128   0   0]
  [128   0   0]
  [128   0   0]]

 [[  0   0   0]
  [  0   0   0]
  [  0   0   0]
  ...
  [128   0   0]
  [128   0   0]
  [128   0   0]]

 [[  0   0   0]
  [  0   0   0]
  [  0   0   0]
  ...
  [128   0   0]
  [128   0   0]
  [128   0   0]]

 ...

 [[  0   0   0]
  [  0   0   0]
  [  0   0   0]
  ...
  [128   0   0]
  [128   0   0]
  [128   0   0]]

 [[  0   0   0]
  [  0   0   0]
  [  0   0   0]
  ...
  [128   0   0]
  [128   0   0]
  [128   0   0]]

 [[  0   0   0]
  [  0   0   0]
  [  0   0   0]
  ...
  [128   0   0]
  [128   0   0]
  [128   0   0]]]",success,output/raster_comparison_results_512x512\diffs\140_birds-4551002_1280_512_diff.jpg
186_gulls-370012_1280_512.png,186_gulls-370012_1280_512.png,inf,1.0,0.0,"[[[  0   0   0]
  [  0   0   0]
  [  0   0   0]
  ...
  [128   0   0]
  [128   0   0]
  [128   0   0]]

 [[  0   0   0]
  [  0   0   0]
  [  0   0   0]
  ...
  [128   0   0]
  [128   0   0]
  [128   0   0]]

 [[  0   0   0]
  [  0   0   0]
  [  0   0   0]
  ...
  [128   0   0]
  [128   0   0]
  [128   0   0]]

 ...

 [[  0   0   0]
  [  0   0   0]
  [  0   0   0]
  ...
  [128   0   0]
  [128   0   0]
  [128   0   0]]

 [[  0   0   0]
  [  0   0   0]
  [  0   0   0]
  ...
  [128   0   0]
  [128   0   0]
  [128   0   0]]

 [[  0   0   0]
  [  0   0   0]
  [  0   0   0]
  ...
  [128   0   0]
  [128   0   0]
  [128   0   0]]]",success,output/raster_comparison_results_512x512\diffs\186_gulls-370012_1280_512_diff.jpg
182_swan-122983_1280_512.png,182_swan-122983_1280_512.png,inf,1.0,0.0,"[[[  0   0   0]
  [  0   0   0]
  [  0   0   0]
  ...
  [128   0   0]
  [128   0   0]
  [128   0   0]]

 [[  0   0   0]
  [  0   0   0]
  [  0   0   0]
  ...
  [128   0   0]
  [128   0   0]
  [128   0   0]]

 [[  0   0   0]
  [  0   0   0]
  [  0   0   0]
  ...
  [128   0   0]
  [128   0   0]
  [128   0   0]]

 ...

 [[  0   0   0]
  [  0   0   0]
  [  0   0   0]
  ...
  [128   0   0]
  [128   0   0]
  [128   0   0]]

 [[  0   0   0]
  [  0   0   0]
  [  0   0   0]
  ...
  [128   0   0]
  [128   0   0]
  [128   0   0]]

 [[  0   0   0]
  [  0   0   0]
  [  0   0   0]
  ...
  [128   0   0]
  [128   0   0]
  [128   0   0]]]",success,output/raster_comparison_results_512x512\diffs\182_swan-122983_1280_512_diff.jpg
184_kingfisher-1850226_1280_512.png,184_kingfisher-1850226_1280_512.png,inf,1.0,0.0,"[[[  0   0   0]
  [  0   0   0]
  [  0   0   0]
  ...
  [128   0   0]
  [128   0   0]
  [128   0   0]]

 [[  0   0   0]
  [  0   0   0]
  [  0   0   0]
  ...
  [128   0   0]
  [128   0   0]
  [128   0   0]]

 [[  0   0   0]
  [  0   0   0]
  [  0   0   0]
  ...
  [128   0   0]
  [128   0   0]
  [128   0   0]]

 ...

 [[  0   0   0]
  [  0   0   0]
  [  0   0   0]
  ...
  [128   0   0]
  [128   0   0]
  [128   0   0]]

 [[  0   0   0]
  [  0   0   0]
  [  0   0   0]
  ...
  [128   0   0]
  [128   0   0]
  [128   0   0]]

 [[  0   0   0]
  [  0   0   0]
  [  0   0   0]
  ...
  [128   0   0]
  [128   0   0]
  [128   0   0]]]",success,output/raster_comparison_results_512x512\diffs\184_kingfisher-1850226_1280_512_diff.jpg
037_bird-3732867_640_512.png,037_bird-3732867_640_512.png,inf,1.0,0.0,"[[[  0   0   0]
  [  0   0   0]
  [  0   0   0]
  ...
  [128   0   0]
  [128   0   0]
  [128   0   0]]

 [[  0   0   0]
  [  0   0   0]
  [  0   0   0]
  ...
  [128   0   0]
  [128   0   0]
  [128   0   0]]

 [[  0   0   0]
  [  0   0   0]
  [  0   0   0]
  ...
  [128   0   0]
  [128   0   0]
  [128   0   0]]

 ...

 [[  0   0   0]
  [  0   0   0]
  [  0   0   0]
  ...
  [128   0   0]
  [128   0   0]
  [128   0   0]]

 [[  0   0   0]
  [  0   0   0]
  [  0   0   0]
  ...
  [128   0   0]
  [128   0   0]
  [128   0   0]]

 [[  0   0   0]
  [  0   0   0]
  [  0   0   0]
  ...
  [128   0   0]
  [128   0   0]
  [128   0   0]]]",success,output/raster_comparison_results_512x512\diffs\037_bird-3732867_640_512_diff.jpg
